SemanticExtraction_Prediction_SPAWN->SemanticExtraction_Prediction_START,SemanticExtraction_Prediction_SPAWN->SemanticExtraction_Prediction_START
0.000000,0.000000
0.025363,0.025363
0.000000,0.000000
0.006897,0.006897
0.000000,0.000000
0.028524,0.028524
0.000000,0.000000
0.032160,0.032160
0.000000,0.000000
0.019679,0.019679
0.000000,0.000000
0.022758,0.022758
0.000000,0.000000
0.000000,0.000000
0.000000,0.000000
0.026368,0.026368
0.000000,0.000000
0.000000,0.000000
0.000000,0.000000
0.000000,0.000000
0.000000,0.000000
0.000000,0.000000
0.000000,0.000000
0.000000,0.000000
0.000000,0.000000
0.012519,0.012519
0.000000,0.000000
0.012777,0.012777
0.000000,0.000000
0.000000,0.000000
0.000000,0.000000
0.027517,0.027517
0.000000,0.000000
0.009972,0.009972
0.000000,0.000000
0.003493,0.003493
0.000000,0.000000
0.000000,0.000000
0.000000,0.000000
0.027912,0.027912
0.000000,0.000000
0.033088,0.033088
0.000000,0.000000
0.005091,0.005091
0.000000,0.000000
0.039985,0.039985
0.000000,0.000000
0.000000,0.000000
0.000000,0.000000
0.025304,0.025304
0.000000,0.000000
0.013705,0.013705
0.000000,0.000000
0.014382,0.014382
0.000000,0.000000
0.022864,0.022864
0.000000,0.000000
0.015597,0.015597
0.000000,0.000000
0.027475,0.027475
0.000000,0.000000
0.017021,0.017021
0.000000,0.000000
0.012607,0.012607
0.000000,0.000000
0.000000,0.000000
0.000000,0.000000
0.000000,0.000000
0.000000,0.000000
0.000000,0.000000
0.000000,0.000000
0.019999,0.019999
0.000000,0.000000
0.029109,0.029109
0.000000,0.000000
0.019110,0.019110
0.000000,0.000000
0.011000,0.011000
0.000000,0.000000
0.000000,0.000000
0.000000,0.000000
0.000000,0.000000
0.000000,0.000000
0.000529,0.000529
0.000000,0.000000
0.041769,0.041769
0.000000,0.000000
0.000000,0.000000
0.000000,0.000000
0.007503,0.007503
0.000000,0.000000
0.005865,0.005865
0.000000,0.000000
0.025908,0.025908
0.000000,0.000000
0.022965,0.022965
0.000000,0.000000
0.013647,0.013647
0.000000,0.000000
0.009377,0.009377
0.000000,0.000000
0.018948,0.018948
0.000000,0.000000
0.009674,0.009674
0.000000,0.000000
0.023107,0.023107
0.000000,0.000000
0.030095,0.030095
0.000000,0.000000
0.000000,0.000000
0.000000,0.000000
0.033047,0.033047
0.000000,0.000000
0.000000,0.000000
0.000000,0.000000
0.000000,0.000000
0.000000,0.000000
0.000000,0.000000
0.000000,0.000000
0.023461,0.023461
0.000000,0.000000
0.014043,0.014043
0.000000,0.000000
0.000000,0.000000
0.000000,0.000000
0.035403,0.035403
0.000000,0.000000
0.000000,0.000000
0.000000,0.000000
0.016212,0.016212
0.000000,0.000000
0.032641,0.032641
0.000000,0.000000
0.000000,0.000000
0.000000,0.000000
0.000000,0.000000
0.000000,0.000000
0.000000,0.000000
0.000000,0.000000
0.028190,0.028190
0.000000,0.000000
0.017979,0.017979
0.000000,0.000000
0.000000,0.000000
0.000000,0.000000
0.000000,0.000000
0.000000,0.000000
0.000000,0.000000
0.000000,0.000000
0.029034,0.029034
0.000000,0.000000
0.027853,0.027853
0.000000,0.000000
0.012991,0.012991
0.000000,0.000000
0.000000,0.000000
0.000000,0.000000
0.020400,0.020400
0.000000,0.000000
0.026254,0.026254
0.000000,0.000000
0.007386,0.007386
0.000000,0.000000
0.024966,0.024966
0.000000,0.000000
0.000000,0.000000
0.000000,0.000000
0.000000,0.000000
0.000000,0.000000
0.007023,0.007023
0.000000,0.000000
0.000000,0.000000
0.000000,0.000000
0.034192,0.034192
0.000000,0.000000
0.014759,0.014759
0.000000,0.000000
0.000000,0.000000
0.000000,0.000000
0.019545,0.019545
0.000000,0.000000
0.005803,0.005803
0.000000,0.000000
0.017971,0.017971
0.000000,0.000000
0.024683,0.024683
0.000000,0.000000
0.013369,0.013369
0.000000,0.000000
0.027472,0.027472
0.000000,0.000000
0.022664,0.022664
0.000000,0.000000
0.000000,0.000000
0.000000,0.000000
0.030623,0.030623
0.000000,0.000000
0.000000,0.000000
0.000000,0.000000
0.020811,0.020811
0.000000,0.000000
0.000000,0.000000
0.000000,0.000000
0.033882,0.033882
0.000000,0.000000
0.017105,0.017105
0.000000,0.000000
0.000000,0.000000
0.000000,0.000000
0.023570,0.023570
0.000000,0.000000
0.022474,0.022474
0.000000,0.000000
0.006831,0.006831
0.000000,0.000000
0.022440,0.022440
0.000000,0.000000
0.008122,0.008122
0.000000,0.000000
0.033114,0.033114
0.000000,0.000000
0.025319,0.025319
0.000000,0.000000
0.031036,0.031036
0.000000,0.000000
0.030811,0.030811
0.000000,0.000000
0.018922,0.018922
0.000000,0.000000
0.021531,0.021531
0.000000,0.000000
0.000000,0.000000
0.000000,0.000000
0.026244,0.026244
0.000000,0.000000
0.003241,0.003241
0.000000,0.000000
0.000000,0.000000
0.000000,0.000000
0.018608,0.018608
0.000000,0.000000
0.009087,0.009087
0.000000,0.000000
0.016033,0.016033
0.000000,0.000000
0.000000,0.000000
0.000000,0.000000
0.022479,0.022479
0.000000,0.000000
0.010754,0.010754
0.000000,0.000000
0.024943,0.024943
0.000000,0.000000
0.000000,0.000000
0.000000,0.000000
0.016857,0.016857
0.000000,0.000000
0.022740,0.022740
0.000000,0.000000
0.013609,0.013609
0.000000,0.000000
0.019566,0.019566
0.000000,0.000000
0.015971,0.015971
0.000000,0.000000
0.000000,0.000000
0.000000,0.000000
0.008088,0.008088
0.000000,0.000000
0.033462,0.033462
0.000000,0.000000
0.008102,0.008102
0.000000,0.000000
0.019301,0.019301
0.000000,0.000000
0.012169,0.012169
0.000000,0.000000
0.031486,0.031486
0.000000,0.000000
0.019735,0.019735
0.000000,0.000000
0.000000,0.000000
0.000000,0.000000
0.013694,0.013694
0.000000,0.000000
0.024928,0.024928
0.000000,0.000000
0.005703,0.005703
0.000000,0.000000
0.000000,0.000000
0.000000,0.000000
0.020347,0.020347
0.000000,0.000000
0.030266,0.030266
0.000000,0.000000
0.019723,0.019723
0.000000,0.000000
0.000000,0.000000
0.000000,0.000000
0.000000,0.000000
0.000000,0.000000
0.011487,0.011487
0.000000,0.000000
0.022653,0.022653
0.000000,0.000000
0.022837,0.022837
0.000000,0.000000
0.000000,0.000000
0.000000,0.000000
0.017751,0.017751
0.000000,0.000000
0.000000,0.000000
0.000000,0.000000
0.019866,0.019866
0.000000,0.000000
0.000000,0.000000
0.000000,0.000000
0.029534,0.029534
0.000000,0.000000
0.015078,0.015078
0.000000,0.000000
0.005799,0.005799
0.000000,0.000000
0.019314,0.019314
0.000000,0.000000
0.023367,0.023367
0.000000,0.000000
0.024418,0.024418
0.000000,0.000000
0.000000,0.000000
0.000000,0.000000
0.001646,0.001646
0.000000,0.000000
0.015053,0.015053
0.000000,0.000000
0.022958,0.022958
0.000000,0.000000
0.024021,0.024021
0.000000,0.000000
0.000000,0.000000
0.000000,0.000000
0.000000,0.000000
0.000000,0.000000
0.000000,0.000000
0.000000,0.000000
0.000000,0.000000
0.000000,0.000000
0.000000,0.000000
0.000000,0.000000
0.000000,0.000000
0.001674,0.001674
0.000000,0.000000
0.000000,0.000000
0.000000,0.000000
0.000000,0.000000
0.000000,0.000000
0.000000,0.000000
0.000000,0.000000
0.000000,0.000000
0.000000,0.000000
0.000000,0.000000
0.000000,0.000000
0.000000,0.000000
0.000000,0.000000
0.000000,0.000000
0.000000,0.000000
0.012008,0.012008
0.000000,0.000000
0.000000,0.000000
0.000000,0.000000
0.000000,0.000000
0.000000,0.000000
0.000000,0.000000
0.000000,0.000000
0.000568,0.000568
0.000000,0.000000
0.000000,0.000000
0.000000,0.000000
0.000000,0.000000
0.000000,0.000000
0.000000,0.000000
0.000000,0.000000
0.000000,0.000000
0.000000,0.000000
0.000000,0.000000
0.000000,0.000000
0.000000,0.000000
0.000000,0.000000
0.000000,0.000000
0.000000,0.000000
0.000000,0.000000
0.000000,0.000000
0.000000,0.000000
0.000000,0.000000
0.000000,0.000000
0.000000,0.000000
0.000000,0.000000
0.000000,0.000000
0.000000,0.000000
0.000000,0.000000
0.000000,0.000000
0.000000,0.000000
0.000000,0.000000
0.000000,0.000000
0.000000,0.000000
0.000000,0.000000
0.000000,0.000000
0.000000,0.000000
0.000000,0.000000
0.000000,0.000000
0.000000,0.000000
0.000000,0.000000
0.000000,0.000000
0.000000,0.000000
0.000000,0.000000
0.000000,0.000000
0.000000,0.000000
0.000000,0.000000
0.000000,0.000000
0.000000,0.000000
0.000000,0.000000
0.000000,0.000000
0.001046,0.001046
0.000000,0.000000
0.000000,0.000000
0.000000,0.000000
0.000000,0.000000
0.000000,0.000000
0.000000,0.000000
0.000000,0.000000
0.000000,0.000000
0.000000,0.000000
0.000000,0.000000
0.000000,0.000000
0.000000,0.000000
0.000000,0.000000
0.000000,0.000000
0.000000,0.000000
0.000000,0.000000
0.000000,0.000000
0.000000,0.000000
0.000000,0.000000
0.000000,0.000000
0.000000,0.000000
0.000000,0.000000
0.000000,0.000000
0.000000,0.000000
0.000000,0.000000
0.000000,0.000000
0.000000,0.000000
0.000000,0.000000
0.000000,0.000000
0.000000,0.000000
0.000000,0.000000
0.000000,0.000000
0.000000,0.000000
0.000000,0.000000
0.000000,0.000000
0.000000,0.000000
0.000000,0.000000
0.000000,0.000000
0.000000,0.000000
0.000000,0.000000
0.000000,0.000000
0.000000,0.000000
0.000000,0.000000
0.001454,0.001454
0.000000,0.000000
0.000000,0.000000
0.000000,0.000000
0.000000,0.000000
0.000000,0.000000
0.000000,0.000000
0.000000,0.000000
0.000000,0.000000
0.000000,0.000000
0.000000,0.000000
0.000000,0.000000
0.000000,0.000000
0.000000,0.000000
0.000000,0.000000
0.000000,0.000000
0.000000,0.000000
0.000000,0.000000
0.000000,0.000000
0.000000,0.000000
0.000000,0.000000
0.000000,0.000000
0.000000,0.000000
0.000000,0.000000
0.000000,0.000000
0.000000,0.000000
0.000000,0.000000
0.000000,0.000000
0.000000,0.000000
0.000000,0.000000
0.000000,0.000000
0.000000,0.000000
0.000000,0.000000
0.000000,0.000000
0.000000,0.000000
0.000000,0.000000
0.000000,0.000000
0.000000,0.000000
0.000000,0.000000
0.000000,0.000000
0.000000,0.000000
0.000000,0.000000
0.000000,0.000000
0.000000,0.000000
0.000000,0.000000
0.000000,0.000000
0.000000,0.000000
0.000000,0.000000
0.000000,0.000000
0.000000,0.000000
0.000000,0.000000
0.000000,0.000000
0.000000,0.000000
0.000000,0.000000
0.000000,0.000000
0.000000,0.000000
0.000000,0.000000
0.000000,0.000000
0.000000,0.000000
0.000000,0.000000
0.000000,0.000000
0.000000,0.000000
0.000000,0.000000
0.000000,0.000000
0.004603,0.004603
0.000000,0.000000
0.000000,0.000000
0.000000,0.000000
0.000000,0.000000
0.000000,0.000000
0.000000,0.000000
0.000000,0.000000
0.000000,0.000000
0.000000,0.000000
0.000000,0.000000
0.000000,0.000000
0.000000,0.000000
0.000000,0.000000
0.000000,0.000000
0.000000,0.000000
0.000000,0.000000
0.000000,0.000000
0.000000,0.000000
0.000000,0.000000
0.000000,0.000000
0.000000,0.000000
0.000000,0.000000
0.000000,0.000000
0.000000,0.000000
0.000000,0.000000
0.000000,0.000000
0.000000,0.000000
0.000000,0.000000
0.000000,0.000000
0.000000,0.000000
0.000000,0.000000
0.000000,0.000000
0.000000,0.000000
0.000000,0.000000
0.000000,0.000000
0.000000,0.000000
0.000000,0.000000
0.000000,0.000000
0.000000,0.000000
0.000000,0.000000
0.000000,0.000000
0.000000,0.000000
0.000000,0.000000
0.000000,0.000000
0.000000,0.000000
0.000000,0.000000
0.000000,0.000000
0.000000,0.000000
0.000000,0.000000
0.000000,0.000000
0.000000,0.000000
0.000456,0.000456
0.000000,0.000000
0.000000,0.000000
0.000000,0.000000
0.000000,0.000000
0.000000,0.000000
0.000000,0.000000
0.000000,0.000000
0.000000,0.000000
0.000000,0.000000
0.000000,0.000000
0.000000,0.000000
0.004984,0.004984
0.000000,0.000000
0.000000,0.000000
0.000000,0.000000
0.000000,0.000000
0.000000,0.000000
0.000000,0.000000
0.000000,0.000000
0.000000,0.000000
0.000000,0.000000
0.000000,0.000000
0.000000,0.000000
0.000000,0.000000
0.000000,0.000000
0.000000,0.000000
0.000000,0.000000
0.000000,0.000000
0.000000,0.000000
0.000000,0.000000
0.000000,0.000000
0.002055,0.002055
0.000000,0.000000
0.005144,0.005144
0.000000,0.000000
0.000000,0.000000
0.000000,0.000000
0.000000,0.000000
0.000000,0.000000
0.000000,0.000000
0.000000,0.000000
0.000000,0.000000
0.000000,0.000000
0.000204,0.000204
0.000000,0.000000
0.000000,0.000000
0.000000,0.000000
0.000000,0.000000
0.000000,0.000000
0.000000,0.000000
0.000000,0.000000
0.000000,0.000000
0.000000,0.000000
0.000000,0.000000
0.000000,0.000000
0.000000,0.000000
0.000000,0.000000
0.000000,0.000000
0.000000,0.000000
0.000000,0.000000
0.000000,0.000000
0.003368,0.003368
0.000000,0.000000
0.000000,0.000000
0.000000,0.000000
0.000000,0.000000
0.000000,0.000000
0.000000,0.000000
0.000000,0.000000
0.000000,0.000000
0.000000,0.000000
0.000000,0.000000
0.000000,0.000000
0.000000,0.000000
0.000000,0.000000
0.000000,0.000000
0.000000,0.000000
0.000000,0.000000
0.000000,0.000000
0.000000,0.000000
0.000000,0.000000
0.000000,0.000000
0.000000,0.000000
0.000000,0.000000
0.000000,0.000000
0.000000,0.000000
0.000000,0.000000
0.000000,0.000000
0.000000,0.000000
0.000000,0.000000
0.000000,0.000000
0.000000,0.000000
0.000000,0.000000
0.000000,0.000000
0.000000,0.000000
0.000000,0.000000
0.000000,0.000000
0.004529,0.004529
0.000000,0.000000
0.000000,0.000000
0.000000,0.000000
0.000000,0.000000
0.000000,0.000000
0.000000,0.000000
0.003169,0.003169
0.000000,0.000000
0.026507,0.026507
0.000000,0.000000
0.000000,0.000000
0.000000,0.000000
0.002392,0.002392
0.000000,0.000000
0.000000,0.000000
0.000000,0.000000
0.003823,0.003823
0.000000,0.000000
0.000000,0.000000
0.000000,0.000000
0.000000,0.000000
0.000000,0.000000
0.002914,0.002914
0.000000,0.000000
0.015280,0.015280
0.000000,0.000000
0.000000,0.000000
0.000000,0.000000
0.013190,0.013190
0.000000,0.000000
0.008337,0.008337
0.000000,0.000000
0.000000,0.000000
0.000000,0.000000
0.002394,0.002394
0.000000,0.000000
0.000000,0.000000
0.000000,0.000000
0.005232,0.005232
0.000000,0.000000
0.000000,0.000000
0.000000,0.000000
0.000000,0.000000
0.000000,0.000000
0.000000,0.000000
0.000000,0.000000
0.004067,0.004067
0.000000,0.000000
0.027291,0.027291
0.000000,0.000000
0.002044,0.002044
0.000000,0.000000
0.001761,0.001761
0.000000,0.000000
0.014496,0.014496
0.000000,0.000000
0.002610,0.002610
0.000000,0.000000
0.015846,0.015846
0.000000,0.000000
0.000000,0.000000
0.000000,0.000000
0.003858,0.003858
0.000000,0.000000
0.010235,0.010235
0.000000,0.000000
0.004770,0.004770
0.000000,0.000000
0.003023,0.003023
0.000000,0.000000
0.000000,0.000000
0.000000,0.000000
0.000000,0.000000
0.000000,0.000000
0.000000,0.000000
0.000000,0.000000
0.010312,0.010312
0.000000,0.000000
0.016105,0.016105
0.000000,0.000000
0.000000,0.000000
0.000000,0.000000
0.004281,0.004281
0.000000,0.000000
0.000000,0.000000
0.000000,0.000000
0.013418,0.013418
0.000000,0.000000
0.000000,0.000000
0.000000,0.000000
0.003079,0.003079
0.000000,0.000000
0.000000,0.000000
0.000000,0.000000
0.000964,0.000964
0.000000,0.000000
0.000947,0.000947
0.000000,0.000000
0.009602,0.009602
0.000000,0.000000
0.000000,0.000000
0.000000,0.000000
0.000000,0.000000
0.000000,0.000000
0.000000,0.000000
0.000000,0.000000
0.003134,0.003134
0.000000,0.000000
0.001696,0.001696
0.000000,0.000000
0.005538,0.005538
0.000000,0.000000
0.000000,0.000000
0.000000,0.000000
0.000000,0.000000
0.000000,0.000000
0.000000,0.000000
0.000000,0.000000
0.004721,0.004721
0.000000,0.000000
0.002458,0.002458
0.000000,0.000000
0.010345,0.010345
0.000000,0.000000
0.033555,0.033555
0.000000,0.000000
0.008396,0.008396
0.000000,0.000000
0.014648,0.014648
0.000000,0.000000
0.000000,0.000000
0.000000,0.000000
0.000000,0.000000
0.000000,0.000000
0.020620,0.020620
0.000000,0.000000
0.000000,0.000000
0.000000,0.000000
0.005107,0.005107
0.000000,0.000000
0.000000,0.000000
0.000000,0.000000
0.000000,0.000000
0.000000,0.000000
0.006552,0.006552
0.000000,0.000000
0.000000,0.000000
0.000000,0.000000
0.000000,0.000000
0.000000,0.000000
0.000000,0.000000
0.000000,0.000000
0.001781,0.001781
0.000000,0.000000
0.000519,0.000519
0.000000,0.000000
0.000000,0.000000
0.000000,0.000000
0.007163,0.007163
0.000000,0.000000
0.005830,0.005830
0.000000,0.000000
0.000000,0.000000
0.000000,0.000000
0.024203,0.024203
0.000000,0.000000
0.000000,0.000000
0.000000,0.000000
0.001102,0.001102
0.000000,0.000000
0.000000,0.000000
0.000000,0.000000
0.009662,0.009662
0.000000,0.000000
0.006722,0.006722
0.000000,0.000000
0.000000,0.000000
0.000000,0.000000
0.000116,0.000116
0.000000,0.000000
0.000000,0.000000
0.000000,0.000000
0.000000,0.000000
0.000000,0.000000
0.009456,0.009456
0.000000,0.000000
0.000000,0.000000
0.000000,0.000000
0.000000,0.000000
0.000000,0.000000
0.000000,0.000000
0.000000,0.000000
0.000000,0.000000
0.000000,0.000000
0.000000,0.000000
0.000000,0.000000
0.000000,0.000000
0.000000,0.000000
0.000000,0.000000
0.000000,0.000000
0.007562,0.007562
0.000000,0.000000
0.000000,0.000000
0.000000,0.000000
0.000000,0.000000
0.000000,0.000000
0.000000,0.000000
0.000000,0.000000
0.000000,0.000000
0.000000,0.000000
0.004282,0.004282
0.000000,0.000000
0.000000,0.000000
0.000000,0.000000
0.001073,0.001073
0.000000,0.000000
0.008277,0.008277
0.000000,0.000000
0.000000,0.000000
0.000000,0.000000
0.000000,0.000000
0.000000,0.000000
0.000000,0.000000
0.000000,0.000000
0.000000,0.000000
0.000000,0.000000
0.000220,0.000220
0.000000,0.000000
0.000000,0.000000
0.000000,0.000000
0.007010,0.007010
0.000000,0.000000
0.022729,0.022729
0.000000,0.000000
0.000000,0.000000
0.000000,0.000000
0.000000,0.000000
0.000000,0.000000
0.000000,0.000000
0.000000,0.000000
0.000000,0.000000
0.000000,0.000000
0.033876,0.033876
0.000000,0.000000
0.001385,0.001385
0.000000,0.000000
0.004276,0.004276
0.000000,0.000000
0.005725,0.005725
0.000000,0.000000
0.000000,0.000000
0.000000,0.000000
0.000000,0.000000
0.000000,0.000000
0.000000,0.000000
0.000000,0.000000
0.016007,0.016007
0.000000,0.000000
0.005997,0.005997
0.000000,0.000000
0.031531,0.031531
0.000000,0.000000
0.000000,0.000000
0.000000,0.000000
0.000566,0.000566
0.000000,0.000000
0.015903,0.015903
0.000000,0.000000
0.000000,0.000000
0.000000,0.000000
0.000000,0.000000
0.000000,0.000000
0.000964,0.000964
0.000000,0.000000
0.006477,0.006477
0.000000,0.000000
0.006761,0.006761
0.000000,0.000000
0.022496,0.022496
0.000000,0.000000
0.006494,0.006494
0.000000,0.000000
0.010312,0.010312
0.000000,0.000000
0.000000,0.000000
0.000000,0.000000
0.000000,0.000000
0.000000,0.000000
0.006474,0.006474
0.000000,0.000000
0.030410,0.030410
0.000000,0.000000
0.007326,0.007326
0.000000,0.000000
0.005323,0.005323
0.000000,0.000000
0.000000,0.000000
0.000000,0.000000
0.004744,0.004744
0.000000,0.000000
0.000000,0.000000
0.000000,0.000000
0.026140,0.026140
0.000000,0.000000
0.003379,0.003379
0.000000,0.000000
0.000000,0.000000
0.000000,0.000000
0.031928,0.031928
0.000000,0.000000
0.000000,0.000000
0.000000,0.000000
0.000958,0.000958
0.000000,0.000000
0.014854,0.014854
0.000000,0.000000
0.015998,0.015998
0.000000,0.000000
0.000000,0.000000
0.000000,0.000000
0.005899,0.005899
0.000000,0.000000
0.007578,0.007578
0.000000,0.000000
0.000000,0.000000
0.000000,0.000000
0.008791,0.008791
0.000000,0.000000
0.005710,0.005710
0.000000,0.000000
0.000000,0.000000
0.000000,0.000000
0.000000,0.000000
0.000000,0.000000
0.005282,0.005282
0.000000,0.000000
0.002027,0.002027
0.000000,0.000000
0.006738,0.006738
0.000000,0.000000
0.000000,0.000000
0.000000,0.000000
0.000000,0.000000
0.000000,0.000000
0.024338,0.024338
0.000000,0.000000
0.000000,0.000000
0.000000,0.000000
0.022169,0.022169
0.000000,0.000000
0.029724,0.029724
0.000000,0.000000
0.005733,0.005733
0.000000,0.000000
0.015957,0.015957
0.000000,0.000000
0.014470,0.014470
0.000000,0.000000
0.020448,0.020448
0.000000,0.000000
0.000000,0.000000
0.000000,0.000000
0.023380,0.023380
0.000000,0.000000
0.014954,0.014954
0.000000,0.000000
0.017451,0.017451
0.000000,0.000000
0.021288,0.021288
0.000000,0.000000
0.000000,0.000000
0.000000,0.000000
0.000000,0.000000
0.000000,0.000000
0.000000,0.000000
0.000000,0.000000
0.017866,0.017866
0.000000,0.000000
0.011032,0.011032
0.000000,0.000000
0.008854,0.008854
0.000000,0.000000
0.025955,0.025955
0.000000,0.000000
0.038455,0.038455
0.000000,0.000000
0.024537,0.024537
0.000000,0.000000
0.000000,0.000000
0.000000,0.000000
0.018286,0.018286
0.000000,0.000000
0.001257,0.001257
0.000000,0.000000
0.013392,0.013392
0.000000,0.000000
0.000000,0.000000
0.000000,0.000000
0.000000,0.000000
0.000000,0.000000
0.027868,0.027868
0.000000,0.000000
0.017972,0.017972
0.000000,0.000000
0.000000,0.000000
0.000000,0.000000
0.000000,0.000000
0.000000,0.000000
0.001953,0.001953
0.000000,0.000000
0.027113,0.027113
0.000000,0.000000
0.015271,0.015271
0.000000,0.000000
0.018568,0.018568
0.000000,0.000000
0.026193,0.026193
0.000000,0.000000
0.020809,0.020809
0.000000,0.000000
0.002445,0.002445
0.000000,0.000000
0.024383,0.024383
0.000000,0.000000
0.000000,0.000000
0.000000,0.000000
0.018616,0.018616
0.000000,0.000000
0.000000,0.000000
0.000000,0.000000
0.011502,0.011502
0.000000,0.000000
0.000000,0.000000
0.000000,0.000000
0.029875,0.029875
0.000000,0.000000
0.030592,0.030592
0.000000,0.000000
0.003100,0.003100
0.000000,0.000000
0.005942,0.005942
0.000000,0.000000
0.000000,0.000000
0.000000,0.000000
0.012154,0.012154
0.000000,0.000000
0.000000,0.000000
0.000000,0.000000
0.015860,0.015860
0.000000,0.000000
0.002946,0.002946
0.000000,0.000000
0.000000,0.000000
0.000000,0.000000
0.005956,0.005956
0.000000,0.000000
0.027460,0.027460
0.000000,0.000000
0.000000,0.000000
0.000000,0.000000
0.017773,0.017773
0.000000,0.000000
0.011782,0.011782
0.000000,0.000000
0.030004,0.030004
0.000000,0.000000
0.021608,0.021608
0.000000,0.000000
0.003113,0.003113
0.000000,0.000000
0.014167,0.014167
0.000000,0.000000
0.027588,0.027588
0.000000,0.000000
0.000000,0.000000
0.000000,0.000000
0.037165,0.037165
0.000000,0.000000
0.003685,0.003685
0.000000,0.000000
0.000000,0.000000
0.000000,0.000000
0.012554,0.012554
0.000000,0.000000
0.000000,0.000000
0.000000,0.000000
0.013953,0.013953
0.000000,0.000000
0.025669,0.025669
0.000000,0.000000
0.000000,0.000000
0.000000,0.000000
0.024243,0.024243
0.000000,0.000000
0.009075,0.009075
0.000000,0.000000
0.024231,0.024231
0.000000,0.000000
0.021422,0.021422
0.000000,0.000000
0.014179,0.014179
0.000000,0.000000
0.017405,0.017405
0.000000,0.000000
0.019499,0.019499
0.000000,0.000000
0.000000,0.000000
0.000000,0.000000
0.012726,0.012726
0.000000,0.000000
0.017283,0.017283
0.000000,0.000000
0.015637,0.015637
0.000000,0.000000
0.000000,0.000000
0.000000,0.000000
0.007752,0.007752
0.000000,0.000000
0.011290,0.011290
0.000000,0.000000
0.017742,0.017742
0.000000,0.000000
0.010975,0.010975
0.000000,0.000000
0.027673,0.027673
0.000000,0.000000
0.000000,0.000000
0.000000,0.000000
0.000000,0.000000
0.000000,0.000000
0.016229,0.016229
0.000000,0.000000
0.028536,0.028536
0.000000,0.000000
0.000000,0.000000
0.000000,0.000000
0.001316,0.001316
0.000000,0.000000
0.004344,0.004344
0.000000,0.000000
0.000000,0.000000
0.000000,0.000000
0.004407,0.004407
0.000000,0.000000
0.000000,0.000000
0.000000,0.000000
0.024463,0.024463
0.000000,0.000000
0.000000,0.000000
0.000000,0.000000
0.000000,0.000000
0.000000,0.000000
0.028769,0.028769
0.000000,0.000000
0.027741,0.027741
0.000000,0.000000
0.005067,0.005067
0.000000,0.000000
0.006645,0.006645
0.000000,0.000000
0.028715,0.028715
0.000000,0.000000
0.003602,0.003602
0.000000,0.000000
0.021770,0.021770
0.000000,0.000000
0.000000,0.000000
0.000000,0.000000
0.000000,0.000000
0.000000,0.000000
0.000360,0.000360
0.000000,0.000000
0.000099,0.000099
0.000000,0.000000
0.000000,0.000000
0.000000,0.000000
0.029633,0.029633
0.000000,0.000000
0.018085,0.018085
0.000000,0.000000
0.028339,0.028339
0.000000,0.000000
0.027277,0.027277
0.000000,0.000000
0.000000,0.000000
0.000000,0.000000
0.033757,0.033757
0.000000,0.000000
0.013973,0.013973
0.000000,0.000000
0.015560,0.015560
0.000000,0.000000
0.000000,0.000000
0.000000,0.000000
0.000000,0.000000
0.000000,0.000000
0.000763,0.000763
0.000000,0.000000
0.017582,0.017582
0.000000,0.000000
0.003345,0.003345
0.000000,0.000000
0.020870,0.020870
0.000000,0.000000
0.020475,0.020475
0.000000,0.000000
0.000000,0.000000
0.000000,0.000000
0.000000,0.000000
0.000000,0.000000
0.022376,0.022376
0.000000,0.000000
0.009146,0.009146
0.000000,0.000000
0.000000,0.000000
0.000000,0.000000
0.003617,0.003617
0.000000,0.000000
0.021481,0.021481
0.000000,0.000000
0.000914,0.000914
0.000000,0.000000
0.000000,0.000000
0.000000,0.000000
0.025508,0.025508
0.000000,0.000000
0.000000,0.000000
0.000000,0.000000
0.029169,0.029169
0.000000,0.000000
0.030500,0.030500
0.000000,0.000000
0.019016,0.019016
0.000000,0.000000
0.000000,0.000000
0.000000,0.000000
0.013018,0.013018
0.000000,0.000000
0.023992,0.023992
0.000000,0.000000
0.014561,0.014561
0.000000,0.000000
0.024642,0.024642
0.000000,0.000000
0.028181,0.028181
0.000000,0.000000
0.003779,0.003779
0.000000,0.000000
0.009570,0.009570
0.000000,0.000000
0.009270,0.009270
0.000000,0.000000
0.018743,0.018743
0.000000,0.000000
0.018611,0.018611
0.000000,0.000000
0.009992,0.009992
0.000000,0.000000
0.000000,0.000000
0.000000,0.000000
0.016896,0.016896
0.000000,0.000000
0.000000,0.000000
0.000000,0.000000
0.022380,0.022380
0.000000,0.000000
0.000000,0.000000
0.000000,0.000000
0.022935,0.022935
0.000000,0.000000
0.024431,0.024431
0.000000,0.000000
0.001422,0.001422
0.000000,0.000000
0.006959,0.006959
0.000000,0.000000
0.012753,0.012753
0.000000,0.000000
0.031665,0.031665
0.000000,0.000000
0.001871,0.001871
0.000000,0.000000
0.019900,0.019900
0.000000,0.000000
0.027255,0.027255
0.000000,0.000000
0.002719,0.002719
0.000000,0.000000
0.023309,0.023309
0.000000,0.000000
0.001887,0.001887
0.037232,0.037232
0.000000,0.000000
0.000000,0.000000
0.000000,0.000000
0.014064,0.014064
0.000000,0.000000
0.007421,0.007421
0.000000,0.000000
0.000454,0.000454
0.000000,0.000000
0.006147,0.006147
0.000000,0.000000
0.019809,0.019809
0.000000,0.000000
0.011866,0.011866
0.000000,0.000000
0.000000,0.000000
0.000000,0.000000
0.000000,0.000000
0.000000,0.000000
0.021447,0.021447
0.000000,0.000000
0.006779,0.006779
0.000000,0.000000
0.000000,0.000000
0.000000,0.000000
0.000000,0.000000
0.000000,0.000000
0.024959,0.024959
0.000000,0.000000
0.010237,0.010237
0.000000,0.000000
0.006678,0.006678
0.000000,0.000000
0.004365,0.004365
0.000000,0.000000
0.010890,0.010890
0.000000,0.000000
0.000000,0.000000
0.000000,0.000000
0.000000,0.000000
0.000000,0.000000
0.003668,0.003668
0.000000,0.000000
0.006926,0.006926
0.000000,0.000000
0.021959,0.021959
0.000000,0.000000
0.000000,0.000000
0.000000,0.000000
0.030068,0.030068
0.000000,0.000000
0.034754,0.034754
0.000000,0.000000
0.000000,0.000000
0.000000,0.000000
0.028263,0.028263
0.000000,0.000000
0.003582,0.003582
0.000000,0.000000
0.024636,0.024636
0.000000,0.000000
0.000000,0.000000
0.000000,0.000000
0.000000,0.000000
0.000000,0.000000
0.000000,0.000000
0.000000,0.000000
0.019689,0.019689
0.000000,0.000000
0.000000,0.000000
0.000000,0.000000
0.021434,0.021434
0.000000,0.000000
0.015140,0.015140
0.000000,0.000000
0.000000,0.000000
0.000000,0.000000
0.023019,0.023019
0.000000,0.000000
0.026963,0.026963
0.000000,0.000000
0.000000,0.000000
0.000000,0.000000
0.000000,0.000000
0.000000,0.000000
0.013001,0.013001
0.000000,0.000000
0.000000,0.000000
0.000000,0.000000
0.000000,0.000000
0.000000,0.000000
0.023456,0.023456
0.000000,0.000000
0.000000,0.000000
0.000000,0.000000
0.014904,0.014904
0.000000,0.000000
0.000000,0.000000
0.000000,0.000000
0.024659,0.024659
0.000000,0.000000
0.000921,0.000921
0.000000,0.000000
0.022654,0.022654
0.000000,0.000000
0.000000,0.000000
0.000000,0.000000
0.000000,0.000000
0.000000,0.000000
0.024776,0.024776
0.000000,0.000000
0.016355,0.016355
0.000000,0.000000
0.004176,0.004176
0.000000,0.000000
0.020484,0.020484
0.000000,0.000000
0.000000,0.000000
0.000000,0.000000
0.033041,0.033041
0.000000,0.000000
0.014043,0.014043
0.000000,0.000000
0.000000,0.000000
0.000000,0.000000
0.000000,0.000000
0.000000,0.000000
0.000000,0.000000
0.000000,0.000000
0.025874,0.025874
0.000000,0.000000
0.000000,0.000000
0.000000,0.000000
0.013864,0.013864
0.000000,0.000000
0.018094,0.018094
0.000000,0.000000
0.000000,0.000000
0.000000,0.000000
0.000000,0.000000
0.000000,0.000000
0.014316,0.014316
0.000000,0.000000
0.006613,0.006613
0.000000,0.000000
0.013799,0.013799
0.000000,0.000000
0.030248,0.030248
0.000000,0.000000
0.015543,0.015543
0.000000,0.000000
0.009715,0.009715
0.000000,0.000000
0.020152,0.020152
0.000000,0.000000
0.033739,0.033739
0.000000,0.000000
0.017622,0.017622
0.000000,0.000000
0.019851,0.019851
0.000000,0.000000
0.015154,0.015154
0.000000,0.000000
0.017464,0.017464
0.000000,0.000000
0.003078,0.003078
0.000000,0.000000
0.021406,0.021406
0.000000,0.000000
0.025895,0.025895
0.000000,0.000000
0.000000,0.000000
0.000000,0.000000
0.014000,0.014000
0.000000,0.000000
0.020830,0.020830
0.000000,0.000000
0.025316,0.025316
0.000000,0.000000
0.000000,0.000000
0.000000,0.000000
0.000000,0.000000
0.000000,0.000000
0.005779,0.005779
0.000000,0.000000
0.033035,0.033035
0.000000,0.000000
0.032448,0.032448
0.000000,0.000000
0.033614,0.033614
0.000000,0.000000
0.023801,0.023801
0.000000,0.000000
0.022434,0.022434
0.000000,0.000000
0.027665,0.027665
0.000000,0.000000
0.036634,0.036634
0.000000,0.000000
0.028682,0.028682
0.000000,0.000000
0.015620,0.015620
0.000000,0.000000
0.000000,0.000000
0.000000,0.000000
0.000000,0.000000
0.000000,0.000000
0.000000,0.000000
0.000000,0.000000
0.008536,0.008536
0.000000,0.000000
0.024348,0.024348
0.000000,0.000000
0.027542,0.027542
0.000000,0.000000
0.020458,0.020458
0.000000,0.000000
0.034310,0.034310
0.000000,0.000000
0.016961,0.016961
0.000000,0.000000
0.008317,0.008317
0.000000,0.000000
0.021325,0.021325
0.000000,0.000000
0.017890,0.017890
0.000000,0.000000
0.000000,0.000000
0.000000,0.000000
0.027721,0.027721
0.000000,0.000000
0.014585,0.014585
0.000000,0.000000
0.019604,0.019604
0.000000,0.000000
0.012744,0.012744
0.000000,0.000000
0.000000,0.000000
0.000000,0.000000
0.000000,0.000000
0.000000,0.000000
0.008879,0.008879
0.000000,0.000000
0.000000,0.000000
0.000000,0.000000
0.000000,0.000000
0.000000,0.000000
0.000000,0.000000
0.000000,0.000000
0.019625,0.019625
0.000000,0.000000
0.000000,0.000000
0.000000,0.000000
0.011984,0.011984
0.000000,0.000000
0.000000,0.000000
0.000000,0.000000
0.000000,0.000000
0.000000,0.000000
0.006361,0.006361
0.000000,0.000000
0.019984,0.019984
0.000000,0.000000
0.019354,0.019354
0.000000,0.000000
0.009197,0.009197
0.000000,0.000000
0.013102,0.013102
0.000000,0.000000
0.011143,0.011143
0.000000,0.000000
0.000000,0.000000
0.000000,0.000000
0.000000,0.000000
0.000000,0.000000
0.030207,0.030207
0.000000,0.000000
0.007187,0.007187
0.000000,0.000000
0.004505,0.004505
0.000000,0.000000
0.018550,0.018550
0.000000,0.000000
0.018010,0.018010
0.000000,0.000000
0.006903,0.006903
0.000000,0.000000
0.023429,0.023429
0.000000,0.000000
0.022723,0.022723
0.000000,0.000000
0.013080,0.013080
0.000000,0.000000
0.013782,0.013782
0.000000,0.000000
0.018518,0.018518
0.000000,0.000000
0.024303,0.024303
0.000000,0.000000
0.020651,0.020651
0.000000,0.000000
0.000000,0.000000
0.000000,0.000000
0.000000,0.000000
0.000000,0.000000
0.028289,0.028289
0.000000,0.000000
0.019663,0.019663
0.000000,0.000000
0.035846,0.035846
0.000000,0.000000
0.000965,0.000965
0.000000,0.000000
0.000000,0.000000
0.000000,0.000000
0.000000,0.000000
0.000000,0.000000
0.017893,0.017893
0.000000,0.000000
0.000000,0.000000
0.000000,0.000000
0.025196,0.025196
0.000000,0.000000
0.000000,0.000000
0.000000,0.000000
0.000000,0.000000
0.000000,0.000000
0.018136,0.018136
0.000000,0.000000
0.020733,0.020733
0.000000,0.000000
0.000000,0.000000
0.000000,0.000000
0.025890,0.025890
0.000000,0.000000
0.000000,0.000000
0.000000,0.000000
0.000000,0.000000
0.000000,0.000000
0.021186,0.021186
0.000000,0.000000
0.002185,0.002185
0.000000,0.000000
0.000000,0.000000
0.000000,0.000000
0.000000,0.000000
0.005474,0.005474
0.000000,0.000000
0.000000,0.000000
0.000000,0.000000
0.000000,0.000000
0.000000,0.000000
0.000650,0.000650
0.000000,0.000000
0.000000,0.000000
0.000000,0.000000
0.014649,0.014649
0.000000,0.000000
0.015503,0.015503
0.000000,0.000000
0.020494,0.020494
0.000000,0.000000
0.006663,0.006663
0.000000,0.000000
0.007703,0.007703
0.000000,0.000000
0.000000,0.000000
0.000000,0.000000
0.000000,0.000000
0.000000,0.000000
0.001985,0.001985
0.000000,0.000000
0.000000,0.000000
0.000000,0.000000
0.000000,0.000000
0.000000,0.000000
0.000299,0.000299
0.000000,0.000000
0.000000,0.000000
0.000000,0.000000
0.013657,0.013657
0.000000,0.000000
0.007488,0.007488
0.000000,0.000000
0.000000,0.000000
0.000000,0.000000
0.004167,0.004167
0.000000,0.000000
0.000000,0.000000
0.000000,0.000000
0.000000,0.000000
0.000000,0.000000
0.011055,0.011055
0.000000,0.000000
0.003255,0.003255
0.000000,0.000000
0.008056,0.008056
0.000000,0.000000
0.000000,0.000000
0.000000,0.000000
0.000000,0.000000
0.000000,0.000000
0.014149,0.014149
0.000000,0.000000
0.002762,0.002762
0.000000,0.000000
0.001790,0.001790
0.000000,0.000000
0.000000,0.000000
0.000000,0.000000
0.018507,0.018507
0.000000,0.000000
0.000000,0.000000
0.000000,0.000000
0.000000,0.000000
0.000000,0.000000
0.013053,0.013053
0.000000,0.000000
0.002990,0.002990
0.000000,0.000000
0.000000,0.000000
0.000000,0.000000
0.000000,0.000000
0.000000,0.000000
0.006724,0.006724
0.000000,0.000000
0.000000,0.000000
0.000000,0.000000
0.004415,0.004415
0.000000,0.000000
0.004642,0.004642
0.000000,0.000000
0.000000,0.000000
0.000000,0.000000
0.000000,0.000000
0.000000,0.000000
0.000000,0.000000
0.000000,0.000000
0.000765,0.000765
0.000000,0.000000
0.000000,0.000000
0.000000,0.000000
0.000000,0.000000
0.000000,0.000000
0.008178,0.008178
0.000000,0.000000
0.000000,0.000000
0.000000,0.000000
0.002049,0.002049
0.000000,0.000000
0.000000,0.000000
0.000000,0.000000
0.003419,0.003419
0.000000,0.000000
0.000000,0.000000
0.000000,0.000000
0.002237,0.002237
0.000000,0.000000
0.000000,0.000000
0.000000,0.000000
0.007401,0.007401
0.000000,0.000000
0.000000,0.000000
0.000000,0.000000
0.000000,0.000000
0.000000,0.000000
0.025790,0.025790
0.000000,0.000000
0.000000,0.000000
0.000000,0.000000
0.000000,0.000000
0.000000,0.000000
0.000000,0.000000
0.000000,0.000000
0.000000,0.000000
0.000000,0.000000
0.003176,0.003176
0.000000,0.000000
0.000000,0.000000
0.000000,0.000000
0.012132,0.012132
0.000000,0.000000
0.000000,0.000000
0.000000,0.000000
0.002899,0.002899
0.000000,0.000000
0.003380,0.003380
0.000000,0.000000
0.011440,0.011440
0.000000,0.000000
0.002777,0.002777
0.000000,0.000000
0.014787,0.014787
0.000000,0.000000
0.000000,0.000000
0.000000,0.000000
0.000000,0.000000
0.000000,0.000000
0.000000,0.000000
0.000000,0.000000
0.000000,0.000000
0.000000,0.000000
0.000000,0.000000
0.000000,0.000000
0.000000,0.000000
0.000000,0.000000
0.000000,0.000000
0.000000,0.000000
0.000000,0.000000
0.000000,0.000000
0.006242,0.006242
0.000000,0.000000
0.000000,0.000000
0.000000,0.000000
0.003586,0.003586
0.000000,0.000000
0.000000,0.000000
0.000000,0.000000
0.002311,0.002311
0.000000,0.000000
0.005532,0.005532
0.000000,0.000000
0.006492,0.006492
0.000000,0.000000
0.012000,0.012000
0.000000,0.000000
0.000000,0.000000
0.000000,0.000000
0.000000,0.000000
0.000000,0.000000
0.018935,0.018935
0.000000,0.000000
0.005190,0.005190
0.000000,0.000000
0.008622,0.008622
0.000000,0.000000
0.000000,0.000000
0.000000,0.000000
0.000000,0.000000
0.000000,0.000000
0.007969,0.007969
0.000000,0.000000
0.000000,0.000000
0.000000,0.000000
0.026238,0.026238
0.000000,0.000000
0.008898,0.008898
0.000000,0.000000
0.000000,0.000000
0.000000,0.000000
0.000000,0.000000
0.000000,0.000000
0.000000,0.000000
0.000000,0.000000
0.000000,0.000000
0.000000,0.000000
0.000000,0.000000
0.000000,0.000000
0.000000,0.000000
0.000000,0.000000
0.000000,0.000000
0.000000,0.000000
0.000000,0.000000
0.000000,0.000000
0.000000,0.000000
0.000000,0.000000
0.016899,0.016899
0.000000,0.000000
0.000000,0.000000
0.000000,0.000000
0.000000,0.000000
0.000000,0.000000
0.014865,0.014865
0.000000,0.000000
0.010762,0.010762
0.000000,0.000000
0.000000,0.000000
0.000000,0.000000
0.015876,0.015876
0.000000,0.000000
0.003674,0.003674
0.000000,0.000000
0.000984,0.000984
0.000000,0.000000
0.001905,0.001905
0.000000,0.000000
0.017427,0.017427
0.000000,0.000000
0.001367,0.001367
0.000000,0.000000
0.000000,0.000000
0.000000,0.000000
0.000000,0.000000
0.000000,0.000000
0.000000,0.000000
0.000000,0.000000
0.000000,0.000000
0.000000,0.000000
0.005128,0.005128
0.000000,0.000000
0.001648,0.001648
0.000000,0.000000
0.000000,0.000000
0.000000,0.000000
0.002605,0.002605
0.000000,0.000000
0.041128,0.041128
0.000000,0.000000
0.001975,0.001975
0.000000,0.000000
0.000000,0.000000
0.000000,0.000000
0.000000,0.000000
0.000000,0.000000
0.015748,0.015748
0.000000,0.000000
0.016940,0.016940
0.000000,0.000000
0.000000,0.000000
0.000000,0.000000
0.000000,0.000000
0.000000,0.000000
0.000000,0.000000
0.000000,0.000000
0.000000,0.000000
0.000000,0.000000
0.000000,0.000000
0.000000,0.000000
0.000000,0.000000
0.000000,0.000000
0.010714,0.010714
0.000000,0.000000
0.008692,0.008692
0.000000,0.000000
0.000000,0.000000
0.000000,0.000000
0.000000,0.000000
0.000000,0.000000
0.000000,0.000000
0.000000,0.000000
0.000000,0.000000
0.000000,0.000000
0.000000,0.000000
0.000000,0.000000
0.000000,0.000000
0.000000,0.000000
0.017871,0.017871
0.000000,0.000000
0.000000,0.000000
0.000000,0.000000
0.000000,0.000000
0.000000,0.000000
0.000000,0.000000
0.000000,0.000000
0.000522,0.000522
0.000000,0.000000
0.000000,0.000000
0.000000,0.000000
0.000000,0.000000
0.000000,0.000000
0.000000,0.000000
0.000000,0.000000
0.000000,0.000000
0.000000,0.000000
0.001746,0.001746
0.000000,0.000000
0.000000,0.000000
0.000000,0.000000
0.000000,0.000000
0.000000,0.000000
0.000000,0.000000
0.000000,0.000000
0.000000,0.000000
0.000000,0.000000
0.010739,0.010739
0.000000,0.000000
0.014566,0.014566
0.000000,0.000000
0.000000,0.000000
0.000000,0.000000
0.000000,0.000000
0.000000,0.000000
0.000056,0.000056
0.000000,0.000000
0.000000,0.000000
0.000000,0.000000
0.007312,0.007312
0.000000,0.000000
0.000000,0.000000
0.000000,0.000000
0.000000,0.000000
0.000000,0.000000
0.000000,0.000000
0.000000,0.000000
0.000000,0.000000
0.000000,0.000000
0.000000,0.000000
0.000000,0.000000
0.000000,0.000000
0.000000,0.000000
0.000000,0.000000
0.000000,0.000000
0.000000,0.000000
0.000000,0.000000
0.000000,0.000000
0.000000,0.000000
0.000000,0.000000
0.000000,0.000000
0.000000,0.000000
0.000000,0.000000
0.000000,0.000000
0.000000,0.000000
0.000000,0.000000
0.000000,0.000000
0.000000,0.000000
0.000000,0.000000
0.000000,0.000000
0.000000,0.000000
0.000000,0.000000
0.000000,0.000000
0.000000,0.000000
0.000000,0.000000
0.000000,0.000000
0.001016,0.001016
0.000000,0.000000
0.001612,0.001612
0.000000,0.000000
0.006134,0.006134
0.000000,0.000000
0.000000,0.000000
0.000000,0.000000
0.000000,0.000000
0.000000,0.000000
0.000000,0.000000
0.000000,0.000000
0.000000,0.000000
0.000000,0.000000
0.000000,0.000000
0.000000,0.000000
0.000000,0.000000
0.000000,0.000000
0.000000,0.000000
0.000000,0.000000
0.000000,0.000000
0.000000,0.000000
0.000000,0.000000
0.000000,0.000000
0.000000,0.000000
0.000000,0.000000
0.000000,0.000000
0.000000,0.000000
0.000000,0.000000
0.000000,0.000000
0.000000,0.000000
0.000000,0.000000
0.000000,0.000000
0.000000,0.000000
0.000000,0.000000
0.000000,0.000000
0.000000,0.000000
0.000000,0.000000
0.000000,0.000000
0.000000,0.000000
0.000000,0.000000
0.000000,0.000000
0.000000,0.000000
0.000000,0.000000
0.000000,0.000000
0.000000,0.000000
0.000000,0.000000
0.000000,0.000000
0.000000,0.000000
0.000000,0.000000
0.000000,0.000000
0.000000,0.000000
0.000000,0.000000
0.000000,0.000000
0.000000,0.000000
0.000000,0.000000
0.000000,0.000000
0.000000,0.000000
0.000000,0.000000
0.000000,0.000000
0.003736,0.003736
0.000000,0.000000
0.003592,0.003592
0.000000,0.000000
0.000000,0.000000
0.000000,0.000000
0.000000,0.000000
0.000000,0.000000
0.000000,0.000000
0.000000,0.000000
0.000000,0.000000
0.000000,0.000000
0.000000,0.000000
0.000000,0.000000
0.000000,0.000000
0.000000,0.000000
0.000000,0.000000
0.000000,0.000000
0.000000,0.000000
0.000000,0.000000
0.006423,0.006423
0.000000,0.000000
0.000000,0.000000
0.000000,0.000000
0.000000,0.000000
0.000000,0.000000
0.000000,0.000000
0.000000,0.000000
0.000000,0.000000
0.000000,0.000000
0.000000,0.000000
0.000000,0.000000
0.000000,0.000000
0.000000,0.000000
0.000000,0.000000
0.000000,0.000000
0.000000,0.000000
0.000000,0.000000
0.000000,0.000000
0.000000,0.000000
0.000000,0.000000
0.000000,0.000000
0.000000,0.000000
0.000000,0.000000
0.000000,0.000000
0.000000,0.000000
0.000000,0.000000
0.000000,0.000000
0.000000,0.000000
0.000000,0.000000
0.000000,0.000000
0.000000,0.000000
0.000000,0.000000
0.000000,0.000000
0.000000,0.000000
0.000000,0.000000
0.000000,0.000000
0.000000,0.000000
0.000000,0.000000
0.000000,0.000000
0.000000,0.000000
0.000000,0.000000
0.000754,0.000754
0.000000,0.000000
0.000000,0.000000
0.000000,0.000000
0.000000,0.000000
0.000000,0.000000
0.007977,0.007977
0.000000,0.000000
0.000000,0.000000
0.000000,0.000000
0.000000,0.000000
0.000000,0.000000
0.007695,0.007695
0.000000,0.000000
0.000000,0.000000
0.000000,0.000000
0.000000,0.000000
0.000000,0.000000
0.000000,0.000000
0.000000,0.000000
0.000000,0.000000
0.000000,0.000000
0.000000,0.000000
0.000000,0.000000
0.000000,0.000000
0.000000,0.000000
0.000000,0.000000
0.000000,0.000000
0.000000,0.000000
0.000000,0.000000
0.000000,0.000000
0.000000,0.000000
0.000000,0.000000
0.000000,0.000000
0.001630,0.001630
0.000000,0.000000
0.000000,0.000000
0.000000,0.000000
0.000000,0.000000
0.000000,0.000000
0.000000,0.000000
0.000000,0.000000
0.000000,0.000000
0.000000,0.000000
0.000000,0.000000
0.000000,0.000000
0.000000,0.000000
0.000000,0.000000
0.000000,0.000000
0.000000,0.000000
0.000000,0.000000
0.000000,0.000000
0.001875,0.001875
0.000000,0.000000
0.000000,0.000000
0.000000,0.000000
0.000000,0.000000
0.000000,0.000000
0.000000,0.000000
0.000000,0.000000
0.000000,0.000000
0.000000,0.000000
0.000000,0.000000
0.000000,0.000000
0.000000,0.000000
0.000000,0.000000
0.000000,0.000000
0.000000,0.000000
0.000000,0.000000
0.000000,0.000000
0.000000,0.000000
0.000000,0.000000
0.000000,0.000000
0.000000,0.000000
0.000000,0.000000
0.000000,0.000000
0.000000,0.000000
0.026219,0.026219
0.000000,0.000000
0.000000,0.000000
0.000000,0.000000
0.000000,0.000000
0.000000,0.000000
0.000000,0.000000
0.000000,0.000000
0.000000,0.000000
0.000000,0.000000
0.000000,0.000000
0.000000,0.000000
0.000000,0.000000
0.000000,0.000000
0.000000,0.000000
0.000000,0.000000
0.000000,0.000000
0.000000,0.000000
0.000000,0.000000
0.000000,0.000000
0.000000,0.000000
0.000000,0.000000
0.000000,0.000000
0.000000,0.000000
0.000000,0.000000
0.000000,0.000000
0.000000,0.000000
0.000000,0.000000
0.000000,0.000000
0.000000,0.000000
0.000000,0.000000
0.000000,0.000000
0.000000,0.000000
0.000000,0.000000
0.000000,0.000000
0.000000,0.000000
0.000000,0.000000
0.000000,0.000000
0.000000,0.000000
0.002522,0.002522
0.000000,0.000000
0.000000,0.000000
0.000000,0.000000
0.000000,0.000000
0.000000,0.000000
0.000000,0.000000
0.000000,0.000000
0.000000,0.000000
0.000000,0.000000
0.000000,0.000000
0.000000,0.000000
0.000000,0.000000
0.000000,0.000000
0.000000,0.000000
0.000000,0.000000
0.000000,0.000000
0.000000,0.000000
0.000000,0.000000
0.000000,0.000000
0.000000,0.000000
0.000000,0.000000
0.000000,0.000000
0.000000,0.000000
0.000000,0.000000
0.000000,0.000000
0.000000,0.000000
0.000000,0.000000
0.000000,0.000000
0.000000,0.000000
0.000063,0.000063
0.000000,0.000000
0.000000,0.000000
0.000000,0.000000
0.000000,0.000000
0.000000,0.000000
0.000000,0.000000
0.000000,0.000000
0.000000,0.000000
0.000000,0.000000
0.004578,0.004578
0.000000,0.000000
0.000000,0.000000
0.000000,0.000000
0.000000,0.000000
0.000000,0.000000
0.000000,0.000000
0.000000,0.000000
0.000000,0.000000
0.000000,0.000000
0.000000,0.000000
0.000000,0.000000
0.000000,0.000000
0.000000,0.000000
0.000000,0.000000
0.000000,0.000000
0.000000,0.000000
0.000000,0.000000
0.000000,0.000000
0.000000,0.000000
0.000000,0.000000
0.000000,0.000000
0.000000,0.000000
0.000000,0.000000
0.000000,0.000000
0.000000,0.000000
0.000597,0.000597
0.000000,0.000000
0.000000,0.000000
0.000000,0.000000
0.000000,0.000000
0.000000,0.000000
0.031161,0.031161
0.000000,0.000000
0.000000,0.000000
0.000000,0.000000
0.000000,0.000000
0.000000,0.000000
0.023729,0.023729
0.000000,0.000000
0.015704,0.015704
0.000000,0.000000
0.000000,0.000000
0.000000,0.000000
0.000000,0.000000
0.000000,0.000000
0.000000,0.000000
0.000000,0.000000
0.000000,0.000000
0.000000,0.000000
0.000000,0.000000
0.000000,0.000000
0.000000,0.000000
0.000000,0.000000
0.000000,0.000000
0.000000,0.000000
0.005543,0.005543
0.000000,0.000000
0.007632,0.007632
0.000000,0.000000
0.012369,0.012369
0.000000,0.000000
0.021445,0.021445
0.000000,0.000000
0.000000,0.000000
0.000000,0.000000
0.036904,0.036904
0.000000,0.000000
0.000000,0.000000
0.000000,0.000000
0.016112,0.016112
0.000000,0.000000
0.009734,0.009734
0.000000,0.000000
0.018288,0.018288
0.000000,0.000000
0.000000,0.000000
0.000000,0.000000
0.011657,0.011657
0.000000,0.000000
0.016698,0.016698
0.000000,0.000000
0.005557,0.005557
0.000000,0.000000
0.024804,0.024804
0.000000,0.000000
0.000000,0.000000
0.000000,0.000000
0.000000,0.000000
0.000000,0.000000
0.022971,0.022971
0.000000,0.000000
0.037105,0.037105
0.000000,0.000000
0.000000,0.000000
0.000000,0.000000
0.021037,0.021037
0.000000,0.000000
0.004909,0.004909
0.000000,0.000000
0.000000,0.000000
0.000000,0.000000
0.044777,0.044777
0.000000,0.000000
0.000000,0.000000
0.000000,0.000000
0.024878,0.024878
0.000000,0.000000
0.015170,0.015170
0.000000,0.000000
0.019473,0.019473
0.000000,0.000000
0.030177,0.030177
0.000000,0.000000
0.021153,0.021153
0.000000,0.000000
0.000000,0.000000
0.000000,0.000000
0.028742,0.028742
0.000000,0.000000
0.000000,0.000000
0.000000,0.000000
0.000000,0.000000
0.000000,0.000000
0.012986,0.012986
0.000000,0.000000
0.000000,0.000000
0.000000,0.000000
0.000000,0.000000
0.000000,0.000000
0.037030,0.037030
0.000000,0.000000
0.021118,0.021118
0.000000,0.000000
0.014783,0.014783
0.000000,0.000000
0.000000,0.000000
0.000000,0.000000
0.033451,0.033451
0.000000,0.000000
0.000000,0.000000
0.000000,0.000000
0.019581,0.019581
0.000000,0.000000
0.000000,0.000000
0.000000,0.000000
0.011927,0.011927
0.000000,0.000000
0.000000,0.000000
0.000000,0.000000
0.029645,0.029645
0.000000,0.000000
0.000000,0.000000
0.000000,0.000000
0.000000,0.000000
0.000000,0.000000
0.005377,0.005377
0.000000,0.000000
0.015157,0.015157
0.000000,0.000000
0.000000,0.000000
0.000000,0.000000
0.034399,0.034399
0.000000,0.000000
0.022267,0.022267
0.000000,0.000000
0.000000,0.000000
0.000000,0.000000
0.000000,0.000000
0.000000,0.000000
0.005294,0.005294
0.000000,0.000000
0.030855,0.030855
0.000000,0.000000
0.004755,0.004755
0.000000,0.000000
0.006638,0.006638
0.000000,0.000000
0.023839,0.023839
0.000000,0.000000
0.032302,0.032302
0.000000,0.000000
0.000000,0.000000
0.000000,0.000000
0.000000,0.000000
0.000000,0.000000
0.019362,0.019362
0.000000,0.000000
0.027105,0.027105
0.000000,0.000000
0.000000,0.000000
0.000000,0.000000
0.028045,0.028045
0.000000,0.000000
0.024711,0.024711
0.000000,0.000000
0.000000,0.000000
0.000000,0.000000
0.012963,0.012963
0.000000,0.000000
0.000000,0.000000
0.000000,0.000000
0.000000,0.000000
0.000000,0.000000
0.024897,0.024897
0.000000,0.000000
0.029242,0.029242
0.000000,0.000000
0.023939,0.023939
0.000000,0.000000
0.036536,0.036536
0.000000,0.000000
0.003492,0.003492
0.000000,0.000000
0.003809,0.003809
0.000000,0.000000
0.014285,0.014285
0.000000,0.000000
0.012103,0.012103
0.000000,0.000000
0.000000,0.000000
0.000000,0.000000
0.000000,0.000000
0.000000,0.000000
0.035943,0.035943
0.000000,0.000000
0.022070,0.022070
0.000000,0.000000
0.022669,0.022669
0.000000,0.000000
0.000000,0.000000
0.000000,0.000000
0.000000,0.000000
0.000000,0.000000
0.032268,0.032268
0.000000,0.000000
0.000000,0.000000
0.000000,0.000000
0.030329,0.030329
0.000000,0.000000
0.000000,0.000000
0.000000,0.000000
0.000000,0.000000
0.000000,0.000000
0.022471,0.022471
0.000000,0.000000
0.000000,0.000000
0.000000,0.000000
0.001390,0.001390
0.000000,0.000000
0.024708,0.024708
0.000000,0.000000
0.000000,0.000000
0.000000,0.000000
0.000000,0.000000
0.000000,0.000000
0.000000,0.000000
0.000000,0.000000
0.012778,0.012778
0.000000,0.000000
0.014889,0.014889
0.000000,0.000000
0.023773,0.023773
0.000000,0.000000
0.000000,0.000000
0.000000,0.000000
0.030767,0.030767
0.000000,0.000000
0.021313,0.021313
0.000000,0.000000
0.000000,0.000000
0.000000,0.000000
0.006511,0.006511
0.000000,0.000000
0.026695,0.026695
0.000000,0.000000
0.018106,0.018106
0.000000,0.000000
0.041789,0.041789
0.000000,0.000000
0.019187,0.019187
0.000000,0.000000
0.031791,0.031791
0.000000,0.000000
0.000000,0.000000
0.000000,0.000000
0.023093,0.023093
0.000000,0.000000
0.017772,0.017772
0.000000,0.000000
0.022814,0.022814
0.000000,0.000000
0.028967,0.028967
0.000000,0.000000
0.022903,0.022903
0.000000,0.000000
0.000000,0.000000
0.000000,0.000000
0.000000,0.000000
0.000000,0.000000
0.000000,0.000000
0.000000,0.000000
0.000000,0.000000
0.000000,0.000000
0.035748,0.035748
0.000000,0.000000
0.000581,0.000581
0.000000,0.000000
0.010574,0.010574
0.000000,0.000000
0.000000,0.000000
0.000000,0.000000
0.000000,0.000000
0.000000,0.000000
0.000000,0.000000
0.000000,0.000000
0.000000,0.000000
0.000000,0.000000
0.024728,0.024728
0.000000,0.000000
0.018153,0.018153
0.000000,0.000000
0.011865,0.011865
0.000000,0.000000
0.030746,0.030746
0.000000,0.000000
0.000000,0.000000
0.000000,0.000000
0.000000,0.000000
0.000000,0.000000
0.000000,0.000000
0.000000,0.000000
0.000329,0.000329
0.000000,0.000000
0.000000,0.000000
0.000000,0.000000
0.026978,0.026978
0.000000,0.000000
0.027669,0.027669
0.000000,0.000000
0.013875,0.013875
0.000000,0.000000
0.008272,0.008272
0.000000,0.000000
0.027076,0.027076
0.000000,0.000000
0.000000,0.000000
0.000000,0.000000
0.000000,0.000000
0.000000,0.000000
0.021460,0.021460
0.000000,0.000000
0.007476,0.007476
0.000000,0.000000
0.002885,0.002885
0.000000,0.000000
0.016904,0.016904
0.000000,0.000000
0.000000,0.000000
0.000000,0.000000
0.017389,0.017389
0.000000,0.000000
0.009469,0.009469
0.000000,0.000000
0.002153,0.002153
0.000000,0.000000
0.025273,0.025273
0.000000,0.000000
0.016974,0.016974
0.000000,0.000000
0.019114,0.019114
0.000000,0.000000
0.000000,0.000000
0.000000,0.000000
0.000000,0.000000
0.000000,0.000000
0.000000,0.000000
0.000000,0.000000
0.000000,0.000000
0.000000,0.000000
0.000000,0.000000
0.000000,0.000000
0.000000,0.000000
0.000000,0.000000
0.000000,0.000000
0.000000,0.000000
0.000000,0.000000
0.000000,0.000000
0.000000,0.000000
0.000000,0.000000
0.000000,0.000000
0.000000,0.000000
0.000000,0.000000
0.000000,0.000000
0.000000,0.000000
0.000000,0.000000
0.002924,0.002924
0.000000,0.000000
0.000257,0.000257
0.000000,0.000000
0.000000,0.000000
0.000000,0.000000
0.000000,0.000000
0.000000,0.000000
0.000000,0.000000
0.000000,0.000000
0.000000,0.000000
0.000000,0.000000
0.028270,0.028270
0.000000,0.000000
0.000000,0.000000
0.000000,0.000000
0.000000,0.000000
0.000000,0.000000
0.000000,0.000000
0.000000,0.000000
0.004090,0.004090
0.000000,0.000000
0.000000,0.000000
0.000000,0.000000
0.000000,0.000000
0.000000,0.000000
0.000000,0.000000
0.000000,0.000000
0.000000,0.000000
0.000000,0.000000
0.000000,0.000000
0.000000,0.000000
0.000000,0.000000
0.000000,0.000000
0.000000,0.000000
0.000000,0.000000
0.000000,0.000000
0.000000,0.000000
0.000000,0.000000
0.000000,0.000000
0.000348,0.000348
0.000000,0.000000
0.000000,0.000000
0.000000,0.000000
0.000000,0.000000
0.000000,0.000000
0.000000,0.000000
0.000000,0.000000
0.009526,0.009526
0.000000,0.000000
0.002773,0.002773
0.000000,0.000000
0.000000,0.000000
0.000000,0.000000
0.000000,0.000000
0.000000,0.000000
0.000000,0.000000
0.000000,0.000000
0.000000,0.000000
0.000000,0.000000
0.000000,0.000000
0.000000,0.000000
0.000000,0.000000
0.000000,0.000000
0.000000,0.000000
0.000000,0.000000
0.000000,0.000000
0.000000,0.000000
0.000000,0.000000
0.000000,0.000000
0.000000,0.000000
0.000000,0.000000
0.000000,0.000000
0.000000,0.000000
0.000000,0.000000
0.000000,0.000000
0.000000,0.000000
0.000000,0.000000
0.000000,0.000000
0.000000,0.000000
0.000000,0.000000
0.000000,0.000000
0.000000,0.000000
0.000000,0.000000
0.000000,0.000000
0.000000,0.000000
0.000000,0.000000
0.000000,0.000000
0.002974,0.002974
0.000000,0.000000
0.000000,0.000000
0.000000,0.000000
0.000000,0.000000
0.000000,0.000000
0.000000,0.000000
0.000000,0.000000
0.000000,0.000000
0.000000,0.000000
0.000000,0.000000
0.000000,0.000000
0.009488,0.009488
0.000000,0.000000
0.000000,0.000000
0.000000,0.000000
0.000000,0.000000
0.000000,0.000000
0.000000,0.000000
0.000000,0.000000
0.000000,0.000000
0.000000,0.000000
0.000000,0.000000
0.000000,0.000000
0.000000,0.000000
0.000000,0.000000
0.000000,0.000000
0.000000,0.000000
0.000000,0.000000
0.000000,0.000000
0.000000,0.000000
0.000000,0.000000
0.000000,0.000000
0.000000,0.000000
0.000000,0.000000
0.000000,0.000000
0.000000,0.000000
0.000000,0.000000
0.000000,0.000000
0.000000,0.000000
0.000000,0.000000
0.000000,0.000000
0.000000,0.000000
0.000000,0.000000
0.000000,0.000000
0.000000,0.000000
0.000000,0.000000
0.000000,0.000000
0.000000,0.000000
0.000000,0.000000
0.000000,0.000000
0.000000,0.000000
0.000000,0.000000
0.000000,0.000000
0.000000,0.000000
0.000000,0.000000
0.000000,0.000000
0.000000,0.000000
0.000000,0.000000
0.000000,0.000000
0.003855,0.003855
0.000000,0.000000
0.000000,0.000000
0.000000,0.000000
0.000000,0.000000
0.000000,0.000000
0.000000,0.000000
0.000000,0.000000
0.000000,0.000000
0.000000,0.000000
0.000000,0.000000
0.000000,0.000000
0.000000,0.000000
0.000000,0.000000
0.000000,0.000000
0.000000,0.000000
0.000000,0.000000
0.000000,0.000000
0.000000,0.000000
0.000000,0.000000
0.000000,0.000000
0.000000,0.000000
0.001313,0.001313
0.000000,0.000000
0.000000,0.000000
0.000000,0.000000
0.000000,0.000000
0.000000,0.000000
0.000000,0.000000
0.000000,0.000000
0.000000,0.000000
0.000000,0.000000
0.000000,0.000000
0.000000,0.000000
0.000000,0.000000
0.000000,0.000000
0.004249,0.004249
0.000000,0.000000
0.000000,0.000000
0.000000,0.000000
0.000000,0.000000
0.000000,0.000000
0.000000,0.000000
0.000000,0.000000
0.000000,0.000000
0.000000,0.000000
0.000000,0.000000
0.000000,0.000000
0.000000,0.000000
0.000000,0.000000
0.000000,0.000000
0.000000,0.000000
0.000000,0.000000
0.000000,0.000000
0.000000,0.000000
0.000000,0.000000
0.000000,0.000000
0.000000,0.000000
0.004257,0.004257
0.000000,0.000000
0.000000,0.000000
0.000000,0.000000
0.000000,0.000000
0.000000,0.000000
0.004746,0.004746
0.000000,0.000000
0.000496,0.000496
0.000000,0.000000
0.000000,0.000000
0.000000,0.000000
0.000000,0.000000
0.000000,0.000000
0.000000,0.000000
0.000000,0.000000
0.000000,0.000000
0.000000,0.000000
0.000000,0.000000
0.000000,0.000000
0.000000,0.000000
0.000000,0.000000
0.000000,0.000000
0.000000,0.000000
0.000000,0.000000
0.000000,0.000000
0.000000,0.000000
0.000000,0.000000
0.000000,0.000000
0.000000,0.000000
0.000000,0.000000
0.000000,0.000000
0.000000,0.000000
0.000000,0.000000
0.000000,0.000000
0.000000,0.000000
0.000000,0.000000
0.000000,0.000000
0.000000,0.000000
0.000000,0.000000
0.000000,0.000000
0.000000,0.000000
0.000454,0.000454
0.000000,0.000000
0.000000,0.000000
0.000000,0.000000
0.000000,0.000000
0.000000,0.000000
0.000000,0.000000
0.000000,0.000000
0.003933,0.003933
0.000000,0.000000
0.000000,0.000000
0.000000,0.000000
0.000000,0.000000
0.000000,0.000000
0.000000,0.000000
0.000000,0.000000
0.000000,0.000000
0.000000,0.000000
0.000000,0.000000
0.000000,0.000000
0.000000,0.000000
0.000000,0.000000
0.003971,0.003971
0.000000,0.000000
0.000000,0.000000
0.000000,0.000000
0.000000,0.000000
0.000000,0.000000
0.000000,0.000000
0.000000,0.000000
0.000000,0.000000
0.000000,0.000000
0.000000,0.000000
0.000000,0.000000
0.000000,0.000000
0.000000,0.000000
0.000000,0.000000
0.000000,0.000000
0.000000,0.000000
0.000000,0.000000
0.000000,0.000000
0.000000,0.000000
0.000000,0.000000
0.000000,0.000000
0.000000,0.000000
0.000000,0.000000
0.000000,0.000000
0.000000,0.000000
0.000000,0.000000
0.000000,0.000000
0.000000,0.000000
0.000000,0.000000
0.004235,0.004235
0.000000,0.000000
0.000000,0.000000
0.000000,0.000000
0.000000,0.000000
0.000000,0.000000
0.000000,0.000000
0.000000,0.000000
0.000000,0.000000
0.000000,0.000000
0.000000,0.000000
0.000000,0.000000
0.000000,0.000000
0.000000,0.000000
0.000000,0.000000
0.000000,0.000000
0.000000,0.000000
0.000000,0.000000
0.000000,0.000000
0.000000,0.000000
