bin,total,finish1->start2,finish2->start3,start1->finish1,start2->finish2,start3->finish3
0.066000,0.000056,0.000002,0.000001,0.000009,0.000019,0.000025
0.069000,0.000168,0.000005,0.000004,0.000030,0.000053,0.000076
0.071000,0.000335,0.000009,0.000006,0.000063,0.000099,0.000159
0.072000,0.000614,0.000023,0.000020,0.000100,0.000188,0.000283
0.073000,0.000782,0.000014,0.000038,0.000132,0.000239,0.000359
0.074000,0.000894,0.000039,0.000039,0.000148,0.000266,0.000402
0.075000,0.001117,0.000037,0.000039,0.000208,0.000340,0.000494
0.076000,0.001676,0.000054,0.000080,0.000290,0.000506,0.000746
0.077000,0.002290,0.000095,0.000117,0.000384,0.000687,0.001006
0.078000,0.002681,0.000099,0.000133,0.000449,0.000831,0.001168
0.079000,0.004245,0.000184,0.000249,0.000710,0.001279,0.001824
0.080000,0.003575,0.000187,0.000176,0.000640,0.001044,0.001528
0.081000,0.004524,0.000205,0.000306,0.000772,0.001312,0.001929
0.082000,0.005921,0.000340,0.000414,0.000964,0.001702,0.002500
0.083000,0.007038,0.000406,0.000458,0.001187,0.002037,0.002950
0.084000,0.007596,0.000449,0.000597,0.001269,0.002138,0.003143
0.085000,0.007485,0.000449,0.000608,0.001235,0.002096,0.003097
0.086000,0.008546,0.000545,0.000750,0.001374,0.002362,0.003514
0.087000,0.008434,0.000518,0.000809,0.001372,0.002316,0.003419
0.088000,0.007932,0.000555,0.000722,0.001255,0.002169,0.003230
0.089000,0.007820,0.000543,0.000753,0.001253,0.002133,0.003138
0.090000,0.007708,0.000530,0.000841,0.001218,0.002021,0.003099
0.091000,0.008658,0.000721,0.000834,0.001350,0.002322,0.003431
0.092000,0.007708,0.000654,0.000854,0.001176,0.002018,0.003006
0.093000,0.007708,0.000586,0.000931,0.001212,0.001982,0.002998
0.094000,0.006591,0.000522,0.000861,0.000994,0.001703,0.002511
0.095000,0.006647,0.000630,0.000845,0.000972,0.001665,0.002535
0.096000,0.006926,0.000706,0.000863,0.001039,0.001726,0.002592
0.097000,0.006479,0.000698,0.000838,0.000930,0.001622,0.002392
0.098000,0.005697,0.000488,0.000842,0.000849,0.001419,0.002099
0.099000,0.006200,0.000499,0.001049,0.000888,0.001520,0.002244
0.100000,0.005418,0.000509,0.000846,0.000780,0.001334,0.001949
0.101000,0.006256,0.000585,0.001027,0.000927,0.001509,0.002207
0.102000,0.005642,0.000622,0.000921,0.000787,0.001331,0.001981
0.103000,0.006033,0.000740,0.000935,0.000858,0.001404,0.002094
0.104000,0.005530,0.000667,0.000937,0.000766,0.001280,0.001879
0.105000,0.005586,0.000631,0.001019,0.000784,0.001299,0.001853
0.106000,0.006033,0.000631,0.001179,0.000829,0.001390,0.002004
0.107000,0.006033,0.000672,0.001156,0.000831,0.001367,0.002006
0.108000,0.006479,0.000716,0.001346,0.000854,0.001457,0.002106
0.109000,0.006815,0.000813,0.001373,0.000918,0.001505,0.002206
0.110000,0.005306,0.000550,0.001177,0.000688,0.001178,0.001713
0.111000,0.008155,0.000985,0.001698,0.001045,0.001805,0.002622
0.112000,0.007485,0.000914,0.001650,0.000959,0.001615,0.002347
0.113000,0.007987,0.001094,0.001663,0.001009,0.001733,0.002488
0.114000,0.008993,0.001023,0.002030,0.001183,0.001960,0.002796
0.115000,0.008658,0.001102,0.001916,0.001112,0.001877,0.002651
0.116000,0.009384,0.001075,0.002286,0.001176,0.001999,0.002847
0.117000,0.009887,0.001188,0.002417,0.001246,0.002051,0.002985
0.118000,0.011283,0.001429,0.002712,0.001406,0.002352,0.003384
0.119000,0.012009,0.001631,0.002904,0.001489,0.002444,0.003540
0.120000,0.012512,0.001596,0.003183,0.001518,0.002580,0.003635
0.121000,0.012400,0.001683,0.003077,0.001489,0.002514,0.003637
0.122000,0.013573,0.001789,0.003469,0.001649,0.002717,0.003949
0.123000,0.016143,0.002379,0.003954,0.001930,0.003249,0.004630
0.124000,0.016645,0.002327,0.004284,0.001949,0.003315,0.004770
0.125000,0.017818,0.002742,0.004491,0.002070,0.003502,0.005013
0.126000,0.019047,0.002975,0.004793,0.002226,0.003699,0.005354
0.127000,0.019326,0.003023,0.004935,0.002245,0.003756,0.005367
0.128000,0.021114,0.003422,0.005395,0.002422,0.004082,0.005792
0.129000,0.023683,0.004092,0.005868,0.002714,0.004515,0.006495
0.130000,0.024633,0.004163,0.006299,0.002800,0.004668,0.006703
0.131000,0.025973,0.004614,0.006555,0.002920,0.004908,0.006977
0.132000,0.026923,0.004625,0.006999,0.002989,0.005058,0.007252
0.133000,0.029101,0.005289,0.007336,0.003260,0.005416,0.007799
0.134000,0.027593,0.004920,0.007158,0.003041,0.005111,0.007365
0.135000,0.028766,0.005067,0.007654,0.003130,0.005315,0.007600
0.136000,0.026308,0.004842,0.006899,0.002839,0.004765,0.006963
0.137000,0.026308,0.005120,0.006682,0.002837,0.004771,0.006898
0.138000,0.025973,0.004971,0.006722,0.002810,0.004677,0.006794
0.139000,0.024186,0.004500,0.006513,0.002581,0.004307,0.006285
0.140000,0.024577,0.004436,0.006797,0.002584,0.004367,0.006393
0.141000,0.021561,0.004101,0.005832,0.002282,0.003801,0.005545
0.142000,0.018433,0.003452,0.005100,0.001924,0.003235,0.004722
0.143000,0.017930,0.003378,0.005050,0.001855,0.003099,0.004548
0.144000,0.014690,0.002728,0.004294,0.001473,0.002522,0.003673
0.145000,0.014188,0.002659,0.004107,0.001430,0.002428,0.003563
0.146000,0.012959,0.002358,0.003863,0.001310,0.002193,0.003234
0.147000,0.010669,0.001828,0.003275,0.001096,0.001824,0.002645
0.148000,0.011171,0.002087,0.003379,0.001125,0.001846,0.002734
0.149000,0.008993,0.001667,0.002757,0.000880,0.001490,0.002198
0.150000,0.008546,0.001550,0.002663,0.000842,0.001418,0.002073
0.151000,0.008434,0.001480,0.002698,0.000845,0.001395,0.002016
0.152000,0.006982,0.001352,0.002136,0.000687,0.001129,0.001678
0.153000,0.007150,0.001205,0.002369,0.000705,0.001175,0.001695
0.154000,0.006312,0.001141,0.002075,0.000600,0.001008,0.001488
0.155000,0.005027,0.000890,0.001640,0.000496,0.000819,0.001183
0.156000,0.004357,0.000865,0.001371,0.000411,0.000693,0.001018
0.157000,0.004245,0.000776,0.001416,0.000395,0.000675,0.000983
0.158000,0.003966,0.000606,0.001441,0.000374,0.000634,0.000911
0.159000,0.003687,0.000616,0.001321,0.000348,0.000561,0.000840
0.160000,0.002681,0.000446,0.000957,0.000256,0.000411,0.000611
0.161000,0.002514,0.000503,0.000838,0.000223,0.000390,0.000560
0.162000,0.002569,0.000473,0.000876,0.000232,0.000400,0.000588
0.163000,0.002681,0.000447,0.000981,0.000247,0.000413,0.000593
0.164000,0.001843,0.000350,0.000641,0.000162,0.000277,0.000413
0.165000,0.002234,0.000375,0.000827,0.000194,0.000345,0.000494
0.166000,0.002346,0.000440,0.000857,0.000207,0.000340,0.000503
0.167000,0.001564,0.000321,0.000532,0.000138,0.000234,0.000338
0.168000,0.002011,0.000381,0.000721,0.000169,0.000295,0.000445
0.169000,0.001508,0.000254,0.000579,0.000134,0.000219,0.000321
0.170000,0.001229,0.000228,0.000459,0.000107,0.000175,0.000260
0.171000,0.001396,0.000251,0.000527,0.000120,0.000205,0.000293
0.172000,0.001676,0.000271,0.000671,0.000148,0.000236,0.000350
0.173000,0.000894,0.000155,0.000347,0.000077,0.000124,0.000190
0.174000,0.001061,0.000163,0.000433,0.000087,0.000154,0.000223
0.175000,0.001285,0.000285,0.000452,0.000107,0.000175,0.000265
0.176000,0.001396,0.000239,0.000546,0.000121,0.000203,0.000288
0.177000,0.000503,0.000141,0.000152,0.000043,0.000070,0.000097
0.178000,0.000894,0.000207,0.000304,0.000077,0.000127,0.000178
0.179000,0.000838,0.000175,0.000310,0.000071,0.000113,0.000169
0.180000,0.001005,0.000225,0.000351,0.000090,0.000140,0.000199
0.181000,0.000950,0.000224,0.000322,0.000080,0.000137,0.000187
0.182000,0.000670,0.000154,0.000244,0.000049,0.000095,0.000128
0.183000,0.000782,0.000271,0.000189,0.000066,0.000108,0.000149
0.184000,0.000782,0.000225,0.000230,0.000065,0.000104,0.000158
0.185000,0.001005,0.000260,0.000332,0.000082,0.000134,0.000198
0.186000,0.000726,0.000217,0.000208,0.000060,0.000101,0.000141
0.187000,0.000614,0.000129,0.000235,0.000048,0.000084,0.000118
0.188000,0.000279,0.000097,0.000072,0.000019,0.000036,0.000054
0.189000,0.000838,0.000239,0.000265,0.000064,0.000110,0.000161
0.190000,0.000503,0.000115,0.000183,0.000042,0.000065,0.000098
0.191000,0.000279,0.000096,0.000074,0.000021,0.000036,0.000052
0.192000,0.000335,0.000099,0.000103,0.000025,0.000043,0.000065
0.193000,0.000168,0.000044,0.000060,0.000011,0.000020,0.000032
0.194000,0.000279,0.000100,0.000075,0.000021,0.000034,0.000050
0.195000,0.000168,0.000037,0.000062,0.000016,0.000022,0.000031
0.196000,0.000279,0.000075,0.000096,0.000022,0.000036,0.000051
0.197000,0.000223,0.000067,0.000069,0.000017,0.000028,0.000042
0.198000,0.000391,0.000132,0.000107,0.000030,0.000052,0.000072
0.199000,0.000279,0.000099,0.000072,0.000021,0.000034,0.000054
0.200000,0.000056,0.000017,0.000016,0.000004,0.000008,0.000011
0.201000,0.000223,0.000079,0.000060,0.000014,0.000029,0.000041
0.202000,0.000056,0.000023,0.000013,0.000004,0.000006,0.000010
0.203000,0.000056,0.000022,0.000012,0.000004,0.000007,0.000010
0.204000,0.000056,0.000015,0.000017,0.000004,0.000008,0.000011
0.205000,0.000056,0.000014,0.000020,0.000005,0.000006,0.000011
0.206000,0.000056,0.000021,0.000016,0.000003,0.000006,0.000010
0.207000,0.000112,0.000037,0.000033,0.000006,0.000015,0.000021
0.208000,0.000056,0.000018,0.000018,0.000003,0.000007,0.000010
0.209000,0.000056,0.000015,0.000020,0.000005,0.000007,0.000010
0.210000,0.000112,0.000032,0.000036,0.000008,0.000015,0.000021
0.213000,0.000056,0.000017,0.000017,0.000005,0.000007,0.000010
0.215000,0.000056,0.000011,0.000025,0.000004,0.000006,0.000010
0.216000,0.000112,0.000037,0.000034,0.000007,0.000013,0.000019
0.218000,0.000056,0.000017,0.000018,0.000005,0.000006,0.000010
0.225000,0.000056,0.000019,0.000018,0.000003,0.000005,0.000010
0.227000,0.000168,0.000046,0.000064,0.000013,0.000018,0.000027
