Assistance_Navigation_SPAWN->Assistance_Navigation_START,Assistance_Navigation_SPAWN->Assistance_Navigation_START
0.002406,0.002406
0.000000,0.000000
0.004261,0.004261
0.000000,0.000000
0.007822,0.007822
0.000000,0.000000
0.000000,0.000000
0.000000,0.000000
0.000000,0.000000
0.000000,0.000000
0.000000,0.000000
0.000000,0.000000
0.000904,0.000904
0.000000,0.000000
0.000000,0.000000
0.000000,0.000000
0.000000,0.000000
0.004222,0.004222
0.000889,0.000889
0.000000,0.000000
0.000000,0.000000
0.000000,0.000000
0.011203,0.011203
0.000050,0.000050
0.000000,0.000000
0.000000,0.000000
0.000000,0.000000
0.000000,0.000000
0.000000,0.000000
0.007624,0.007624
0.000000,0.000000
0.000000,0.000000
0.000000,0.000000
0.015052,0.015052
0.002124,0.002124
0.000000,0.000000
0.000623,0.000623
0.000000,0.000000
0.000000,0.000000
0.000000,0.000000
0.000000,0.000000
0.003618,0.003618
0.001784,0.001784
0.000000,0.000000
0.011499,0.011499
0.000000,0.000000
0.000000,0.000000
0.000000,0.000000
0.000000,0.000000
0.000000,0.000000
0.000000,0.000000
0.015788,0.015788
0.004339,0.004339
0.000000,0.000000
0.000000,0.000000
0.000000,0.000000
0.000000,0.000000
0.000000,0.000000
0.000000,0.000000
0.000339,0.000339
0.000000,0.000000
0.000000,0.000000
0.000000,0.000000
0.000000,0.000000
0.000000,0.000000
0.000000,0.000000
0.000000,0.000000
0.000000,0.000000
0.000000,0.000000
0.000590,0.000590
0.002474,0.002474
0.000000,0.000000
0.000000,0.000000
0.000000,0.000000
0.001263,0.001263
0.000000,0.000000
0.000000,0.000000
0.000000,0.000000
0.000000,0.000000
0.000000,0.000000
0.000000,0.000000
0.000000,0.000000
0.000282,0.000282
0.000000,0.000000
0.000000,0.000000
0.000379,0.000379
0.000000,0.000000
0.000000,0.000000
0.005873,0.005873
0.000932,0.000932
0.000000,0.000000
0.000000,0.000000
0.000000,0.000000
0.000000,0.000000
0.001967,0.001967
0.000000,0.000000
0.005920,0.005920
0.000000,0.000000
0.000000,0.000000
0.008843,0.008843
0.000000,0.000000
0.014486,0.014486
0.008261,0.008261
0.000000,0.000000
0.000000,0.000000
0.000000,0.000000
0.000000,0.000000
0.000000,0.000000
0.000000,0.000000
0.000000,0.000000
0.001950,0.001950
0.000000,0.000000
0.004970,0.004970
0.000000,0.000000
0.000000,0.000000
0.003850,0.003850
0.000000,0.000000
0.000000,0.000000
0.000939,0.000939
0.000000,0.000000
0.004459,0.004459
0.000000,0.000000
0.000000,0.000000
0.000000,0.000000
0.000000,0.000000
0.000000,0.000000
0.003543,0.003543
0.011159,0.011159
0.011491,0.011491
0.000000,0.000000
0.001696,0.001696
0.003010,0.003010
0.000000,0.000000
0.000000,0.000000
0.003256,0.003256
0.005891,0.005891
0.000000,0.000000
0.022818,0.022818
0.009319,0.009319
0.000000,0.000000
0.000000,0.000000
0.000389,0.000389
0.000000,0.000000
0.001608,0.001608
0.000000,0.000000
0.005934,0.005934
0.000000,0.000000
0.000000,0.000000
0.000000,0.000000
0.008121,0.008121
0.000000,0.000000
0.000000,0.000000
0.000000,0.000000
0.000109,0.000109
0.000000,0.000000
0.000000,0.000000
0.000000,0.000000
0.000000,0.000000
0.000000,0.000000
0.005154,0.005154
0.000000,0.000000
0.000000,0.000000
0.000000,0.000000
0.007090,0.007090
0.000000,0.000000
0.000000,0.000000
0.000000,0.000000
0.000000,0.000000
0.000000,0.000000
0.000000,0.000000
0.000000,0.000000
0.000000,0.000000
0.000000,0.000000
0.003468,0.003468
0.000000,0.000000
0.000000,0.000000
0.000000,0.000000
0.000009,0.000009
0.004285,0.004285
0.000000,0.000000
0.015633,0.015633
0.018947,0.018947
0.000000,0.000000
0.000000,0.000000
0.000000,0.000000
0.000000,0.000000
0.000000,0.000000
0.000000,0.000000
0.000000,0.000000
0.000000,0.000000
0.000000,0.000000
0.000000,0.000000
0.010694,0.010694
0.000000,0.000000
0.001533,0.001533
0.001519,0.001519
0.000000,0.000000
0.000000,0.000000
0.004066,0.004066
0.003032,0.003032
0.000000,0.000000
0.008000,0.008000
0.000000,0.000000
0.000000,0.000000
0.000000,0.000000
0.000000,0.000000
0.002630,0.002630
0.000000,0.000000
0.000000,0.000000
0.000000,0.000000
0.000000,0.000000
0.005961,0.005961
0.008620,0.008620
0.001767,0.001767
0.000000,0.000000
0.000000,0.000000
0.000000,0.000000
0.003961,0.003961
0.000811,0.000811
0.000000,0.000000
0.001368,0.001368
0.006908,0.006908
0.000000,0.000000
0.000000,0.000000
0.000000,0.000000
0.004291,0.004291
0.000000,0.000000
0.000000,0.000000
0.002821,0.002821
0.000000,0.000000
0.000000,0.000000
0.000000,0.000000
0.000000,0.000000
0.000000,0.000000
0.000000,0.000000
0.000000,0.000000
0.000000,0.000000
0.000000,0.000000
0.000000,0.000000
0.000000,0.000000
0.008890,0.008890
0.003498,0.003498
0.000000,0.000000
0.000000,0.000000
0.013159,0.013159
0.001657,0.001657
0.000000,0.000000
0.000000,0.000000
0.000000,0.000000
0.000000,0.000000
0.000000,0.000000
0.000000,0.000000
0.000000,0.000000
0.004900,0.004900
0.000486,0.000486
0.001452,0.001452
0.000000,0.000000
0.000000,0.000000
0.000775,0.000775
0.000000,0.000000
0.000000,0.000000
0.000000,0.000000
0.000000,0.000000
0.000000,0.000000
0.015293,0.015293
0.000000,0.000000
0.000000,0.000000
0.000000,0.000000
0.000000,0.000000
0.000000,0.000000
0.000000,0.000000
0.000000,0.000000
0.000000,0.000000
0.000000,0.000000
0.000000,0.000000
0.002288,0.002288
0.000000,0.000000
0.000000,0.000000
0.000000,0.000000
0.000000,0.000000
0.007540,0.007540
0.001691,0.001691
0.000197,0.000197
0.000000,0.000000
0.000000,0.000000
0.000000,0.000000
0.000000,0.000000
0.006790,0.006790
0.003466,0.003466
0.000000,0.000000
0.000000,0.000000
0.000000,0.000000
0.008227,0.008227
0.002645,0.002645
0.003082,0.003082
0.000000,0.000000
0.000000,0.000000
0.000000,0.000000
0.001436,0.001436
0.000000,0.000000
0.000943,0.000943
0.000000,0.000000
0.009498,0.009498
0.000000,0.000000
0.000000,0.000000
0.000000,0.000000
0.000000,0.000000
0.000000,0.000000
0.004649,0.004649
0.000000,0.000000
0.000000,0.000000
0.000000,0.000000
0.000000,0.000000
0.000000,0.000000
0.000000,0.000000
0.000000,0.000000
0.000000,0.000000
0.000000,0.000000
0.003703,0.003703
0.001192,0.001192
0.000000,0.000000
0.000000,0.000000
0.000000,0.000000
0.000000,0.000000
0.000000,0.000000
0.000576,0.000576
0.000000,0.000000
0.004067,0.004067
0.000000,0.000000
0.000000,0.000000
0.000000,0.000000
0.000000,0.000000
0.000000,0.000000
0.000000,0.000000
0.000000,0.000000
0.000000,0.000000
0.000000,0.000000
0.003882,0.003882
0.000046,0.000046
0.000000,0.000000
0.000000,0.000000
0.000000,0.000000
0.000544,0.000544
0.000000,0.000000
0.000000,0.000000
0.000000,0.000000
0.000000,0.000000
0.003103,0.003103
0.000000,0.000000
0.000000,0.000000
0.000356,0.000356
0.002220,0.002220
0.000901,0.000901
0.000000,0.000000
0.000000,0.000000
0.000000,0.000000
0.000000,0.000000
0.000497,0.000497
0.000000,0.000000
0.005819,0.005819
0.000000,0.000000
0.000000,0.000000
0.008623,0.008623
0.000000,0.000000
0.000000,0.000000
0.000000,0.000000
0.000000,0.000000
0.000000,0.000000
0.000000,0.000000
0.000000,0.000000
0.000000,0.000000
0.000000,0.000000
0.000000,0.000000
0.000000,0.000000
0.000000,0.000000
0.000000,0.000000
0.000000,0.000000
0.015896,0.015896
0.000000,0.000000
0.000000,0.000000
0.000000,0.000000
0.001920,0.001920
0.001595,0.001595
0.000000,0.000000
0.000000,0.000000
0.000000,0.000000
0.000000,0.000000
0.000000,0.000000
0.000000,0.000000
0.000000,0.000000
0.010645,0.010645
0.013208,0.013208
0.000000,0.000000
0.010349,0.010349
0.001844,0.001844
0.000000,0.000000
0.000000,0.000000
0.000000,0.000000
0.000000,0.000000
0.000000,0.000000
0.000000,0.000000
0.000000,0.000000
0.000000,0.000000
0.000000,0.000000
0.000000,0.000000
0.000672,0.000672
0.000000,0.000000
0.004481,0.004481
0.000580,0.000580
0.000000,0.000000
0.000000,0.000000
0.000000,0.000000
0.004023,0.004023
0.000000,0.000000
0.000000,0.000000
0.000744,0.000744
0.004707,0.004707
0.000000,0.000000
0.000000,0.000000
0.000000,0.000000
0.000000,0.000000
0.000000,0.000000
0.003103,0.003103
0.000000,0.000000
0.000000,0.000000
0.000000,0.000000
0.002768,0.002768
0.000000,0.000000
0.005756,0.005756
0.000000,0.000000
0.000000,0.000000
0.006473,0.006473
0.000000,0.000000
0.000000,0.000000
0.000000,0.000000
0.010872,0.010872
0.004609,0.004609
0.000000,0.000000
0.000000,0.000000
0.000000,0.000000
0.000000,0.000000
0.000000,0.000000
0.000000,0.000000
0.000000,0.000000
0.000000,0.000000
0.000000,0.000000
0.000000,0.000000
0.002752,0.002752
0.000000,0.000000
0.000000,0.000000
0.001126,0.001126
0.000000,0.000000
0.000000,0.000000
0.000000,0.000000
0.000000,0.000000
0.000000,0.000000
0.000000,0.000000
0.000000,0.000000
0.000000,0.000000
0.000000,0.000000
0.003269,0.003269
0.008343,0.008343
0.000000,0.000000
0.000000,0.000000
0.000030,0.000030
0.000000,0.000000
0.012512,0.012512
0.000000,0.000000
0.000000,0.000000
0.000000,0.000000
0.000000,0.000000
0.000000,0.000000
0.000000,0.000000
0.000062,0.000062
0.000000,0.000000
0.001548,0.001548
0.000000,0.000000
0.000000,0.000000
0.002166,0.002166
0.000000,0.000000
0.000000,0.000000
0.000000,0.000000
0.000000,0.000000
0.000000,0.000000
0.000000,0.000000
0.000000,0.000000
0.003695,0.003695
0.007441,0.007441
0.000000,0.000000
0.000000,0.000000
0.000000,0.000000
0.000000,0.000000
0.000000,0.000000
0.000000,0.000000
0.000000,0.000000
0.000000,0.000000
0.000000,0.000000
0.010061,0.010061
0.006539,0.006539
0.000000,0.000000
0.000000,0.000000
0.000000,0.000000
0.000000,0.000000
0.000000,0.000000
0.000000,0.000000
0.000000,0.000000
0.000000,0.000000
0.000000,0.000000
0.000000,0.000000
0.000000,0.000000
0.000000,0.000000
0.000000,0.000000
0.000000,0.000000
0.000000,0.000000
0.000000,0.000000
0.000000,0.000000
0.000000,0.000000
0.000000,0.000000
0.001090,0.001090
0.000000,0.000000
0.000000,0.000000
0.000000,0.000000
0.000000,0.000000
0.000000,0.000000
0.000000,0.000000
0.015475,0.015475
0.007570,0.007570
0.000000,0.000000
0.000000,0.000000
0.000000,0.000000
0.000000,0.000000
0.000000,0.000000
0.000000,0.000000
0.000000,0.000000
0.000000,0.000000
0.000000,0.000000
0.000000,0.000000
0.000000,0.000000
0.000000,0.000000
0.000000,0.000000
0.000000,0.000000
0.000000,0.000000
0.000000,0.000000
0.000000,0.000000
0.000000,0.000000
0.000000,0.000000
0.000000,0.000000
0.000000,0.000000
0.004021,0.004021
0.000000,0.000000
0.000277,0.000277
0.000000,0.000000
0.000000,0.000000
0.000000,0.000000
0.000000,0.000000
0.000000,0.000000
0.004556,0.004556
0.000000,0.000000
0.000000,0.000000
0.000000,0.000000
0.000461,0.000461
0.000000,0.000000
0.000000,0.000000
0.000000,0.000000
0.000000,0.000000
0.000000,0.000000
0.000000,0.000000
0.000000,0.000000
0.000000,0.000000
0.000000,0.000000
0.000000,0.000000
0.003332,0.003332
0.000708,0.000708
0.003661,0.003661
0.000000,0.000000
0.000000,0.000000
0.000000,0.000000
0.003607,0.003607
0.000000,0.000000
0.000000,0.000000
0.000000,0.000000
0.000000,0.000000
0.000000,0.000000
0.003505,0.003505
0.000000,0.000000
0.000633,0.000633
0.017538,0.017538
0.000000,0.000000
0.002608,0.002608
0.000000,0.000000
0.000000,0.000000
0.000000,0.000000
0.000000,0.000000
0.000000,0.000000
0.000000,0.000000
0.008810,0.008810
0.000000,0.000000
0.000000,0.000000
0.000000,0.000000
0.000000,0.000000
0.000000,0.000000
0.000000,0.000000
0.007971,0.007971
0.000000,0.000000
0.000000,0.000000
0.000000,0.000000
0.000000,0.000000
0.000000,0.000000
0.000000,0.000000
0.000000,0.000000
0.000000,0.000000
0.000000,0.000000
0.000000,0.000000
0.000000,0.000000
0.000000,0.000000
0.000000,0.000000
0.001337,0.001337
0.000286,0.000286
0.000000,0.000000
0.004718,0.004718
0.000000,0.000000
0.003753,0.003753
0.000000,0.000000
0.000000,0.000000
0.000000,0.000000
0.000000,0.000000
0.000499,0.000499
0.000000,0.000000
0.000000,0.000000
0.000000,0.000000
0.000000,0.000000
0.000000,0.000000
0.000000,0.000000
0.000000,0.000000
0.003463,0.003463
0.000000,0.000000
0.000000,0.000000
0.000000,0.000000
0.000000,0.000000
0.000000,0.000000
0.000000,0.000000
0.000000,0.000000
0.000000,0.000000
0.000000,0.000000
0.004762,0.004762
0.000000,0.000000
0.000000,0.000000
0.000000,0.000000
0.000000,0.000000
0.000000,0.000000
0.000000,0.000000
0.000000,0.000000
0.000000,0.000000
0.003484,0.003484
0.000000,0.000000
0.000000,0.000000
0.000000,0.000000
0.000000,0.000000
0.000000,0.000000
0.000000,0.000000
0.003760,0.003760
0.000000,0.000000
0.000000,0.000000
0.000000,0.000000
0.003459,0.003459
0.000000,0.000000
0.000000,0.000000
0.000000,0.000000
0.006903,0.006903
0.000000,0.000000
0.000000,0.000000
0.000000,0.000000
0.001276,0.001276
0.000000,0.000000
0.001111,0.001111
0.004361,0.004361
0.000000,0.000000
0.023558,0.023558
0.000000,0.000000
0.000000,0.000000
0.000000,0.000000
0.000000,0.000000
0.000000,0.000000
0.000000,0.000000
0.000000,0.000000
0.003403,0.003403
0.000000,0.000000
0.000000,0.000000
0.000000,0.000000
0.000000,0.000000
0.000000,0.000000
0.000000,0.000000
0.000000,0.000000
0.000482,0.000482
0.002200,0.002200
0.000000,0.000000
0.000000,0.000000
0.000000,0.000000
0.001936,0.001936
0.007198,0.007198
0.000000,0.000000
0.000000,0.000000
0.000942,0.000942
0.005108,0.005108
0.000000,0.000000
0.000000,0.000000
0.000000,0.000000
0.000000,0.000000
0.009714,0.009714
0.000000,0.000000
0.001164,0.001164
0.000618,0.000618
0.000000,0.000000
0.000000,0.000000
0.000000,0.000000
0.000000,0.000000
0.000000,0.000000
0.001505,0.001505
0.000000,0.000000
0.005415,0.005415
0.000000,0.000000
0.000000,0.000000
0.000000,0.000000
0.004726,0.004726
0.000000,0.000000
0.000000,0.000000
0.000000,0.000000
0.000000,0.000000
0.000269,0.000269
0.000000,0.000000
0.008220,0.008220
0.000000,0.000000
0.000000,0.000000
0.002471,0.002471
0.000000,0.000000
0.001449,0.001449
0.000000,0.000000
0.000000,0.000000
0.000000,0.000000
0.022186,0.022186
0.000000,0.000000
0.003885,0.003885
0.000000,0.000000
0.000000,0.000000
0.000000,0.000000
0.000000,0.000000
0.000000,0.000000
0.001542,0.001542
0.000000,0.000000
0.000000,0.000000
0.007641,0.007641
0.000000,0.000000
0.000000,0.000000
0.001121,0.001121
0.000000,0.000000
0.000000,0.000000
0.005041,0.005041
0.000000,0.000000
0.000000,0.000000
0.000000,0.000000
0.000190,0.000190
0.000000,0.000000
0.013510,0.013510
0.000000,0.000000
0.000000,0.000000
0.000000,0.000000
0.000000,0.000000
0.000000,0.000000
0.004261,0.004261
0.000000,0.000000
0.000000,0.000000
0.000000,0.000000
0.000000,0.000000
0.000000,0.000000
0.000000,0.000000
0.003823,0.003823
0.000000,0.000000
0.000000,0.000000
0.000000,0.000000
0.000000,0.000000
0.006429,0.006429
0.000000,0.000000
0.000172,0.000172
0.000000,0.000000
0.000000,0.000000
0.000000,0.000000
0.015399,0.015399
0.000000,0.000000
0.005698,0.005698
0.000000,0.000000
0.000000,0.000000
0.000000,0.000000
0.000000,0.000000
0.000000,0.000000
0.000000,0.000000
0.000000,0.000000
0.003567,0.003567
0.020160,0.020160
0.003143,0.003143
0.000000,0.000000
0.000000,0.000000
0.000000,0.000000
0.000000,0.000000
0.000000,0.000000
0.000000,0.000000
0.000000,0.000000
0.000000,0.000000
0.034208,0.034208
0.000000,0.000000
0.000000,0.000000
0.000000,0.000000
0.000000,0.000000
0.011219,0.011219
0.000000,0.000000
0.000000,0.000000
0.000000,0.000000
0.000000,0.000000
0.000000,0.000000
0.000000,0.000000
0.002656,0.002656
0.000000,0.000000
0.007066,0.007066
0.001908,0.001908
0.000000,0.000000
0.000000,0.000000
0.000000,0.000000
0.002090,0.002090
0.000000,0.000000
0.000000,0.000000
0.000000,0.000000
0.000000,0.000000
0.000000,0.000000
0.000000,0.000000
0.004301,0.004301
0.003796,0.003796
0.007202,0.007202
0.000000,0.000000
0.000000,0.000000
0.000000,0.000000
0.000000,0.000000
0.000000,0.000000
0.000000,0.000000
0.000000,0.000000
0.000000,0.000000
0.000000,0.000000
0.000000,0.000000
0.000000,0.000000
0.000000,0.000000
0.000000,0.000000
0.000000,0.000000
0.000000,0.000000
0.000000,0.000000
0.008245,0.008245
0.000000,0.000000
0.000643,0.000643
0.000000,0.000000
0.000000,0.000000
0.000000,0.000000
0.010727,0.010727
0.000000,0.000000
0.000000,0.000000
0.008432,0.008432
0.000000,0.000000
0.000000,0.000000
0.000000,0.000000
0.012054,0.012054
0.003877,0.003877
0.000000,0.000000
0.000000,0.000000
0.002366,0.002366
0.017848,0.017848
0.000729,0.000729
0.000000,0.000000
0.015039,0.015039
0.000000,0.000000
0.000000,0.000000
0.000000,0.000000
0.000000,0.000000
0.000000,0.000000
0.000448,0.000448
0.000000,0.000000
0.000000,0.000000
0.000000,0.000000
0.000000,0.000000
0.000000,0.000000
0.000000,0.000000
0.000000,0.000000
0.000000,0.000000
0.010756,0.010756
0.000000,0.000000
0.000000,0.000000
0.000000,0.000000
0.000000,0.000000
0.000000,0.000000
0.000000,0.000000
0.001774,0.001774
0.004988,0.004988
0.000000,0.000000
0.000000,0.000000
0.000000,0.000000
0.000000,0.000000
0.000000,0.000000
0.000000,0.000000
0.008139,0.008139
0.008394,0.008394
0.000000,0.000000
0.000000,0.000000
0.000000,0.000000
0.000000,0.000000
0.004153,0.004153
0.000000,0.000000
0.000000,0.000000
0.000000,0.000000
0.000000,0.000000
0.000000,0.000000
0.000000,0.000000
0.000000,0.000000
0.000000,0.000000
0.007242,0.007242
0.000298,0.000298
0.000000,0.000000
0.000000,0.000000
0.000000,0.000000
0.000000,0.000000
0.004188,0.004188
0.007391,0.007391
0.007917,0.007917
0.000000,0.000000
0.004212,0.004212
0.004064,0.004064
0.000000,0.000000
0.000000,0.000000
0.000000,0.000000
0.000000,0.000000
0.008927,0.008927
0.001292,0.001292
0.000275,0.000275
0.000000,0.000000
0.001348,0.001348
0.000000,0.000000
0.001037,0.001037
0.000000,0.000000
0.000000,0.000000
0.000000,0.000000
0.000000,0.000000
0.000000,0.000000
0.000770,0.000770
0.010053,0.010053
0.010874,0.010874
0.000000,0.000000
0.000000,0.000000
0.000000,0.000000
0.002222,0.002222
0.000000,0.000000
0.003928,0.003928
0.004526,0.004526
0.000000,0.000000
0.000000,0.000000
0.000000,0.000000
0.000000,0.000000
0.001350,0.001350
0.000000,0.000000
0.000000,0.000000
0.000000,0.000000
0.000000,0.000000
0.003308,0.003308
0.004943,0.004943
0.000000,0.000000
0.000000,0.000000
0.000000,0.000000
0.000000,0.000000
0.001706,0.001706
0.000000,0.000000
0.000000,0.000000
0.000000,0.000000
0.000000,0.000000
0.000000,0.000000
0.004952,0.004952
0.002164,0.002164
0.000000,0.000000
0.000000,0.000000
0.001507,0.001507
0.000000,0.000000
0.000000,0.000000
0.000000,0.000000
0.000000,0.000000
0.000000,0.000000
0.000000,0.000000
0.007080,0.007080
0.000000,0.000000
0.012042,0.012042
0.000000,0.000000
0.000000,0.000000
0.000000,0.000000
0.003593,0.003593
0.000000,0.000000
0.009421,0.009421
0.009572,0.009572
0.003577,0.003577
0.000000,0.000000
0.000000,0.000000
0.000000,0.000000
0.000000,0.000000
0.000000,0.000000
0.000000,0.000000
0.000000,0.000000
0.007798,0.007798
0.000000,0.000000
0.000000,0.000000
0.000000,0.000000
0.000000,0.000000
0.005641,0.005641
0.002336,0.002336
0.000000,0.000000
0.000000,0.000000
0.000000,0.000000
0.006806,0.006806
0.011233,0.011233
0.000000,0.000000
0.000000,0.000000
0.005920,0.005920
0.012847,0.012847
0.000000,0.000000
0.000000,0.000000
0.000000,0.000000
0.000000,0.000000
0.001086,0.001086
0.000000,0.000000
0.007716,0.007716
0.000000,0.000000
0.000000,0.000000
0.000000,0.000000
0.000718,0.000718
0.000000,0.000000
0.000000,0.000000
0.000000,0.000000
0.000000,0.000000
0.000000,0.000000
0.000000,0.000000
0.008936,0.008936
0.000000,0.000000
0.000000,0.000000
0.000000,0.000000
0.000000,0.000000
0.005931,0.005931
0.000000,0.000000
0.000000,0.000000
0.000000,0.000000
0.000000,0.000000
0.014137,0.014137
0.000000,0.000000
0.000000,0.000000
0.000000,0.000000
0.009065,0.009065
0.002894,0.002894
0.013732,0.013732
0.000000,0.000000
0.000000,0.000000
0.000000,0.000000
0.000000,0.000000
0.000000,0.000000
0.006931,0.006931
0.000000,0.000000
0.000000,0.000000
0.000000,0.000000
0.000000,0.000000
0.000000,0.000000
0.000000,0.000000
0.012190,0.012190
0.000000,0.000000
0.001649,0.001649
0.000000,0.000000
0.000000,0.000000
0.011522,0.011522
0.000000,0.000000
0.000000,0.000000
0.000000,0.000000
0.008220,0.008220
0.000000,0.000000
0.000000,0.000000
0.000000,0.000000
0.000000,0.000000
0.000000,0.000000
0.000000,0.000000
0.001713,0.001713
0.000622,0.000622
0.000000,0.000000
0.003692,0.003692
0.000000,0.000000
0.000000,0.000000
0.000000,0.000000
0.000000,0.000000
0.000000,0.000000
0.000000,0.000000
0.010519,0.010519
0.000000,0.000000
0.000000,0.000000
0.002625,0.002625
0.000000,0.000000
0.000000,0.000000
0.010209,0.010209
0.000000,0.000000
0.000000,0.000000
0.000000,0.000000
0.000000,0.000000
0.008615,0.008615
0.000000,0.000000
0.007488,0.007488
0.000000,0.000000
0.000000,0.000000
0.000000,0.000000
0.000000,0.000000
0.000000,0.000000
0.000000,0.000000
0.000000,0.000000
0.000000,0.000000
0.000000,0.000000
0.000000,0.000000
0.000000,0.000000
0.007404,0.007404
0.000800,0.000800
0.000000,0.000000
0.000000,0.000000
0.000000,0.000000
0.000000,0.000000
0.017009,0.017009
0.002275,0.002275
0.014600,0.014600
0.000000,0.000000
0.000000,0.000000
0.000000,0.000000
0.000000,0.000000
0.000000,0.000000
0.000000,0.000000
0.000000,0.000000
0.000000,0.000000
0.000000,0.000000
0.000000,0.000000
0.000000,0.000000
0.000351,0.000351
0.000000,0.000000
0.008887,0.008887
0.000000,0.000000
0.000000,0.000000
0.000000,0.000000
0.000000,0.000000
0.000000,0.000000
0.000000,0.000000
0.000000,0.000000
0.000000,0.000000
0.000000,0.000000
0.000000,0.000000
0.000000,0.000000
0.000000,0.000000
0.000000,0.000000
0.000000,0.000000
0.000000,0.000000
0.000000,0.000000
0.000000,0.000000
0.000000,0.000000
0.000000,0.000000
0.000000,0.000000
0.000000,0.000000
0.000000,0.000000
0.000000,0.000000
0.000000,0.000000
0.000000,0.000000
0.000000,0.000000
0.000000,0.000000
0.007389,0.007389
0.000000,0.000000
0.000000,0.000000
0.000000,0.000000
0.000000,0.000000
0.000000,0.000000
0.000000,0.000000
0.000000,0.000000
0.004421,0.004421
0.000000,0.000000
0.000000,0.000000
0.000000,0.000000
0.000000,0.000000
0.000000,0.000000
0.000000,0.000000
0.002937,0.002937
0.000000,0.000000
0.000000,0.000000
0.000000,0.000000
0.000000,0.000000
0.025661,0.025661
0.000000,0.000000
0.000000,0.000000
0.000000,0.000000
0.000000,0.000000
0.000000,0.000000
0.005028,0.005028
0.000000,0.000000
0.000000,0.000000
0.000000,0.000000
0.000000,0.000000
0.000000,0.000000
0.000000,0.000000
0.000000,0.000000
0.000000,0.000000
0.000425,0.000425
0.000000,0.000000
0.000000,0.000000
0.000000,0.000000
0.000000,0.000000
0.000000,0.000000
0.000000,0.000000
0.000000,0.000000
0.000000,0.000000
0.000000,0.000000
0.000000,0.000000
0.000000,0.000000
0.000000,0.000000
0.000000,0.000000
0.000000,0.000000
0.000000,0.000000
0.000000,0.000000
0.000000,0.000000
0.001492,0.001492
0.000000,0.000000
0.000000,0.000000
0.000000,0.000000
0.000000,0.000000
0.000000,0.000000
0.000000,0.000000
0.000000,0.000000
0.000000,0.000000
0.000000,0.000000
0.000000,0.000000
0.000000,0.000000
0.000000,0.000000
0.003561,0.003561
0.000000,0.000000
0.000000,0.000000
0.000000,0.000000
0.000000,0.000000
0.000000,0.000000
0.000000,0.000000
0.000000,0.000000
0.000000,0.000000
0.002694,0.002694
0.000000,0.000000
0.000000,0.000000
0.000000,0.000000
0.000000,0.000000
0.000000,0.000000
0.000000,0.000000
0.005037,0.005037
0.000000,0.000000
0.000000,0.000000
0.000000,0.000000
0.000000,0.000000
0.000000,0.000000
0.002084,0.002084
0.002214,0.002214
0.022108,0.022108
0.000000,0.000000
0.000000,0.000000
0.000000,0.000000
0.000000,0.000000
0.000000,0.000000
0.000000,0.000000
0.007105,0.007105
0.000442,0.000442
0.000000,0.000000
0.000000,0.000000
0.004820,0.004820
0.000000,0.000000
0.000000,0.000000
0.000000,0.000000
0.000000,0.000000
0.000000,0.000000
0.001730,0.001730
0.000000,0.000000
0.000000,0.000000
0.000000,0.000000
0.000000,0.000000
0.000000,0.000000
0.003186,0.003186
0.007058,0.007058
0.000000,0.000000
0.000000,0.000000
0.000000,0.000000
0.000000,0.000000
0.000000,0.000000
0.000000,0.000000
0.002425,0.002425
0.006113,0.006113
0.000000,0.000000
0.000000,0.000000
0.000000,0.000000
0.001793,0.001793
0.000000,0.000000
0.000000,0.000000
0.003189,0.003189
0.000000,0.000000
0.000000,0.000000
0.000000,0.000000
0.000000,0.000000
0.001954,0.001954
0.001594,0.001594
0.014956,0.014956
0.000000,0.000000
0.000000,0.000000
0.000000,0.000000
0.000000,0.000000
0.000000,0.000000
0.000000,0.000000
0.003142,0.003142
0.000000,0.000000
0.000000,0.000000
0.000000,0.000000
0.000000,0.000000
0.000000,0.000000
0.000000,0.000000
0.027016,0.027016
0.000000,0.000000
0.000000,0.000000
0.001664,0.001664
0.000000,0.000000
0.005658,0.005658
0.000000,0.000000
0.000000,0.000000
0.000000,0.000000
0.000000,0.000000
0.002812,0.002812
0.003981,0.003981
0.009187,0.009187
0.000000,0.000000
0.000000,0.000000
0.000000,0.000000
0.000000,0.000000
0.016062,0.016062
0.000000,0.000000
0.000000,0.000000
0.003401,0.003401
0.000000,0.000000
0.000000,0.000000
0.004422,0.004422
0.000000,0.000000
0.000000,0.000000
0.000000,0.000000
0.000000,0.000000
0.005287,0.005287
0.000000,0.000000
0.000000,0.000000
0.000000,0.000000
0.000000,0.000000
0.000000,0.000000
0.000000,0.000000
0.000000,0.000000
0.001376,0.001376
0.000000,0.000000
0.000000,0.000000
0.001982,0.001982
0.000000,0.000000
0.007048,0.007048
0.000000,0.000000
0.000000,0.000000
0.000000,0.000000
0.000000,0.000000
0.001665,0.001665
0.000000,0.000000
0.000000,0.000000
0.000000,0.000000
0.000846,0.000846
0.015171,0.015171
0.000000,0.000000
0.000000,0.000000
0.000000,0.000000
0.000000,0.000000
0.005247,0.005247
0.000000,0.000000
0.000000,0.000000
0.000000,0.000000
0.000000,0.000000
0.000000,0.000000
0.000000,0.000000
0.000000,0.000000
0.000000,0.000000
0.000000,0.000000
0.000000,0.000000
0.000000,0.000000
0.004003,0.004003
0.000000,0.000000
0.006994,0.006994
0.000000,0.000000
0.000000,0.000000
0.000000,0.000000
0.000000,0.000000
0.002429,0.002429
0.000000,0.000000
0.000000,0.000000
0.000000,0.000000
0.001336,0.001336
0.000000,0.000000
0.004373,0.004373
0.000000,0.000000
0.003878,0.003878
0.000000,0.000000
0.009115,0.009115
0.000000,0.000000
0.009833,0.009833
0.006739,0.006739
0.000000,0.000000
0.003677,0.003677
0.000000,0.000000
0.000000,0.000000
0.003091,0.003091
0.000000,0.000000
0.000000,0.000000
0.000000,0.000000
0.000000,0.000000
0.000000,0.000000
0.002058,0.002058
0.000000,0.000000
0.000243,0.000243
0.008184,0.008184
0.000000,0.000000
0.000000,0.000000
0.002642,0.002642
0.000000,0.000000
0.000000,0.000000
0.000000,0.000000
0.000000,0.000000
0.001987,0.001987
0.000544,0.000544
0.000000,0.000000
0.002797,0.002797
0.000000,0.000000
0.000000,0.000000
0.000000,0.000000
0.000000,0.000000
0.000000,0.000000
0.000000,0.000000
0.000000,0.000000
0.000000,0.000000
0.000000,0.000000
0.002508,0.002508
0.000000,0.000000
0.000000,0.000000
0.000000,0.000000
0.000000,0.000000
0.000000,0.000000
0.000000,0.000000
0.014579,0.014579
0.000000,0.000000
0.000000,0.000000
0.005346,0.005346
0.000000,0.000000
0.004271,0.004271
0.009529,0.009529
0.000854,0.000854
0.006770,0.006770
0.000000,0.000000
0.000000,0.000000
0.004409,0.004409
0.001723,0.001723
0.000000,0.000000
0.000000,0.000000
0.011846,0.011846
0.000000,0.000000
0.006705,0.006705
0.000000,0.000000
0.007769,0.007769
0.000000,0.000000
0.000000,0.000000
0.001949,0.001949
0.000000,0.000000
0.000234,0.000234
0.009245,0.009245
0.000000,0.000000
0.000000,0.000000
0.000000,0.000000
0.005541,0.005541
0.000000,0.000000
0.004436,0.004436
0.000000,0.000000
0.002052,0.002052
0.000000,0.000000
0.000000,0.000000
0.000000,0.000000
0.000000,0.000000
0.000000,0.000000
0.000000,0.000000
0.000000,0.000000
0.008012,0.008012
0.012829,0.012829
0.000000,0.000000
0.000000,0.000000
0.024146,0.024146
0.000000,0.000000
0.000625,0.000625
0.000000,0.000000
0.000000,0.000000
0.000000,0.000000
0.000000,0.000000
0.000000,0.000000
0.000000,0.000000
0.000000,0.000000
0.000000,0.000000
0.013792,0.013792
0.000000,0.000000
0.003513,0.003513
0.000000,0.000000
0.000000,0.000000
0.010105,0.010105
0.000000,0.000000
0.000000,0.000000
0.023134,0.023134
0.005917,0.005917
0.000000,0.000000
0.000000,0.000000
0.000000,0.000000
0.000000,0.000000
0.000000,0.000000
0.002413,0.002413
0.000000,0.000000
0.002088,0.002088
0.000000,0.000000
0.000000,0.000000
0.000000,0.000000
0.000000,0.000000
0.000000,0.000000
0.000000,0.000000
0.000000,0.000000
0.000000,0.000000
0.000000,0.000000
0.000000,0.000000
0.000000,0.000000
0.000000,0.000000
0.018943,0.018943
0.005215,0.005215
0.000000,0.000000
0.001059,0.001059
0.005170,0.005170
0.000000,0.000000
0.000000,0.000000
0.000000,0.000000
0.002335,0.002335
0.000000,0.000000
0.000000,0.000000
0.000000,0.000000
0.000000,0.000000
0.000000,0.000000
0.003399,0.003399
0.000000,0.000000
0.000000,0.000000
0.007548,0.007548
0.001898,0.001898
0.000000,0.000000
0.000000,0.000000
0.000000,0.000000
0.000000,0.000000
0.000825,0.000825
0.003575,0.003575
0.001437,0.001437
0.000000,0.000000
0.000000,0.000000
0.000000,0.000000
0.000000,0.000000
0.000000,0.000000
0.006431,0.006431
0.002468,0.002468
0.001346,0.001346
0.001500,0.001500
0.000000,0.000000
0.006760,0.006760
0.000000,0.000000
0.000298,0.000298
0.000000,0.000000
0.000000,0.000000
0.000000,0.000000
0.001244,0.001244
0.000000,0.000000
0.000000,0.000000
0.000000,0.000000
0.000000,0.000000
0.000000,0.000000
0.000000,0.000000
0.000000,0.000000
0.000000,0.000000
0.002022,0.002022
0.010456,0.010456
0.000000,0.000000
0.000000,0.000000
0.000000,0.000000
0.000000,0.000000
0.007820,0.007820
0.006191,0.006191
0.000000,0.000000
0.000000,0.000000
0.008303,0.008303
0.000000,0.000000
0.006689,0.006689
0.000000,0.000000
0.000000,0.000000
0.000000,0.000000
0.000000,0.000000
0.004407,0.004407
0.000000,0.000000
0.010041,0.010041
0.004752,0.004752
0.000000,0.000000
0.000107,0.000107
0.000000,0.000000
0.000000,0.000000
0.000000,0.000000
0.000000,0.000000
0.000000,0.000000
0.000000,0.000000
0.003724,0.003724
0.000000,0.000000
0.000000,0.000000
0.000000,0.000000
0.000000,0.000000
0.000000,0.000000
0.002919,0.002919
0.000000,0.000000
0.008258,0.008258
0.000000,0.000000
0.000000,0.000000
0.002739,0.002739
0.000000,0.000000
0.010599,0.010599
0.000000,0.000000
0.000000,0.000000
0.000000,0.000000
0.000000,0.000000
0.000000,0.000000
0.000000,0.000000
0.006478,0.006478
0.003184,0.003184
0.000000,0.000000
0.000000,0.000000
0.000000,0.000000
0.000000,0.000000
0.000000,0.000000
0.004868,0.004868
0.000000,0.000000
0.000000,0.000000
0.000000,0.000000
0.000000,0.000000
0.000000,0.000000
0.000000,0.000000
0.000000,0.000000
0.000000,0.000000
0.000000,0.000000
0.000000,0.000000
0.000000,0.000000
0.001161,0.001161
0.000000,0.000000
0.000000,0.000000
0.000000,0.000000
0.000000,0.000000
0.000000,0.000000
0.000000,0.000000
0.000000,0.000000
0.000000,0.000000
0.000000,0.000000
0.000000,0.000000
0.000000,0.000000
0.000000,0.000000
0.009764,0.009764
0.000000,0.000000
0.000000,0.000000
0.000000,0.000000
0.000000,0.000000
0.000000,0.000000
0.008093,0.008093
0.000000,0.000000
0.000000,0.000000
0.000000,0.000000
0.000000,0.000000
0.001192,0.001192
0.000000,0.000000
0.001536,0.001536
0.000000,0.000000
0.000000,0.000000
0.000000,0.000000
0.007624,0.007624
0.000000,0.000000
0.000000,0.000000
0.000000,0.000000
0.000000,0.000000
0.003481,0.003481
0.000210,0.000210
0.000000,0.000000
0.004742,0.004742
0.000000,0.000000
0.000000,0.000000
0.000000,0.000000
0.000000,0.000000
0.000000,0.000000
0.001315,0.001315
0.000000,0.000000
0.001431,0.001431
0.000000,0.000000
0.000000,0.000000
0.000000,0.000000
0.006328,0.006328
0.000000,0.000000
0.000000,0.000000
0.000000,0.000000
0.005973,0.005973
0.000000,0.000000
0.000000,0.000000
0.000000,0.000000
0.000000,0.000000
0.000000,0.000000
0.004380,0.004380
0.000000,0.000000
0.000000,0.000000
0.000000,0.000000
0.000000,0.000000
0.000000,0.000000
0.006166,0.006166
0.000000,0.000000
0.009436,0.009436
0.000000,0.000000
0.003555,0.003555
0.000000,0.000000
0.000000,0.000000
0.000000,0.000000
0.000129,0.000129
0.000000,0.000000
0.000000,0.000000
0.000000,0.000000
0.000000,0.000000
0.000000,0.000000
0.000000,0.000000
0.000000,0.000000
0.000000,0.000000
0.000000,0.000000
0.000000,0.000000
0.000000,0.000000
0.000000,0.000000
0.003404,0.003404
0.000000,0.000000
0.000000,0.000000
0.000000,0.000000
0.008802,0.008802
0.000000,0.000000
0.000000,0.000000
0.004063,0.004063
0.003803,0.003803
0.000000,0.000000
0.000000,0.000000
0.000000,0.000000
0.000000,0.000000
0.000252,0.000252
0.000000,0.000000
0.000000,0.000000
0.000000,0.000000
0.000000,0.000000
0.000000,0.000000
0.014963,0.014963
0.000506,0.000506
0.000000,0.000000
0.000000,0.000000
0.002503,0.002503
0.000000,0.000000
0.000000,0.000000
0.000000,0.000000
0.000000,0.000000
0.000000,0.000000
0.000000,0.000000
0.000000,0.000000
0.000000,0.000000
0.000000,0.000000
0.000416,0.000416
0.000000,0.000000
0.000000,0.000000
0.000000,0.000000
0.000000,0.000000
0.000000,0.000000
0.000000,0.000000
0.000000,0.000000
0.002950,0.002950
0.000000,0.000000
0.000000,0.000000
0.000000,0.000000
0.000000,0.000000
0.000000,0.000000
0.000000,0.000000
0.009861,0.009861
0.007247,0.007247
0.000000,0.000000
0.007877,0.007877
0.001965,0.001965
0.000000,0.000000
0.001467,0.001467
0.000146,0.000146
0.000000,0.000000
0.038406,0.038406
0.000000,0.000000
0.000000,0.000000
0.000000,0.000000
0.000000,0.000000
0.000000,0.000000
0.000000,0.000000
0.000122,0.000122
0.000000,0.000000
0.000000,0.000000
0.000000,0.000000
0.000000,0.000000
0.000000,0.000000
0.012785,0.012785
0.000000,0.000000
0.012063,0.012063
0.000000,0.000000
0.000000,0.000000
0.000000,0.000000
0.000000,0.000000
0.000000,0.000000
0.000000,0.000000
0.000000,0.000000
0.010835,0.010835
0.000000,0.000000
0.002741,0.002741
0.000375,0.000375
0.000000,0.000000
0.000000,0.000000
0.000000,0.000000
0.000000,0.000000
0.000000,0.000000
0.000000,0.000000
0.006644,0.006644
0.002055,0.002055
0.000000,0.000000
0.000000,0.000000
0.000000,0.000000
0.000000,0.000000
0.003427,0.003427
0.011441,0.011441
0.002671,0.002671
0.000000,0.000000
0.003730,0.003730
0.000000,0.000000
0.000000,0.000000
0.002170,0.002170
0.000000,0.000000
0.000000,0.000000
0.000000,0.000000
0.007472,0.007472
0.006344,0.006344
0.000000,0.000000
0.006601,0.006601
0.000000,0.000000
0.000000,0.000000
0.000000,0.000000
0.000000,0.000000
0.000000,0.000000
0.000000,0.000000
0.001250,0.001250
0.000000,0.000000
0.000000,0.000000
0.000000,0.000000
0.000000,0.000000
0.000000,0.000000
0.000000,0.000000
0.000000,0.000000
0.000325,0.000325
0.000000,0.000000
0.000000,0.000000
0.000000,0.000000
0.000000,0.000000
0.000000,0.000000
0.006131,0.006131
0.000000,0.000000
0.000000,0.000000
0.000000,0.000000
0.008428,0.008428
0.000000,0.000000
0.000000,0.000000
0.000000,0.000000
0.023139,0.023139
0.000000,0.000000
0.000000,0.000000
0.000000,0.000000
0.000000,0.000000
0.004610,0.004610
0.009774,0.009774
0.000000,0.000000
0.000000,0.000000
0.003146,0.003146
0.000000,0.000000
0.000000,0.000000
0.000000,0.000000
0.000000,0.000000
0.000000,0.000000
0.000000,0.000000
0.000000,0.000000
0.000151,0.000151
0.000000,0.000000
0.000000,0.000000
0.000000,0.000000
0.021753,0.021753
0.000000,0.000000
0.000000,0.000000
0.007799,0.007799
0.001839,0.001839
0.000000,0.000000
0.031478,0.031478
0.000000,0.000000
0.000000,0.000000
0.000000,0.000000
0.000000,0.000000
0.000000,0.000000
0.002366,0.002366
0.006603,0.006603
0.000000,0.000000
0.015346,0.015346
0.000000,0.000000
0.000000,0.000000
0.007410,0.007410
0.009838,0.009838
0.000000,0.000000
0.000000,0.000000
0.000000,0.000000
0.000000,0.000000
0.000000,0.000000
0.004052,0.004052
0.002105,0.002105
0.017860,0.017860
0.003605,0.003605
0.004781,0.004781
0.000000,0.000000
0.001592,0.001592
0.000000,0.000000
0.000000,0.000000
0.000000,0.000000
0.006275,0.006275
0.005771,0.005771
0.000000,0.000000
0.000000,0.000000
0.000000,0.000000
0.000000,0.000000
0.007624,0.007624
0.002740,0.002740
0.000000,0.000000
0.000000,0.000000
0.017095,0.017095
0.005170,0.005170
0.000000,0.000000
0.000000,0.000000
0.005173,0.005173
0.000000,0.000000
0.000000,0.000000
0.000000,0.000000
0.000000,0.000000
0.000000,0.000000
0.000000,0.000000
0.000000,0.000000
0.000000,0.000000
0.000000,0.000000
0.000000,0.000000
0.000000,0.000000
0.014725,0.014725
0.017769,0.017769
0.000000,0.000000
0.002887,0.002887
0.000329,0.000329
0.000000,0.000000
0.000000,0.000000
0.000000,0.000000
0.000000,0.000000
0.000000,0.000000
0.019955,0.019955
0.003318,0.003318
0.009406,0.009406
0.000000,0.000000
0.000000,0.000000
0.000000,0.000000
0.000000,0.000000
0.000000,0.000000
0.001073,0.001073
0.000000,0.000000
0.000000,0.000000
0.000000,0.000000
0.000000,0.000000
0.000000,0.000000
0.000000,0.000000
0.000000,0.000000
0.000000,0.000000
0.004036,0.004036
0.000000,0.000000
0.000709,0.000709
0.000000,0.000000
0.000000,0.000000
0.000000,0.000000
0.002368,0.002368
0.000000,0.000000
0.000000,0.000000
0.000000,0.000000
0.000000,0.000000
0.012218,0.012218
0.000000,0.000000
0.004571,0.004571
0.000000,0.000000
0.000000,0.000000
0.000000,0.000000
0.001140,0.001140
0.000000,0.000000
0.000000,0.000000
0.000000,0.000000
0.000000,0.000000
0.000000,0.000000
0.000000,0.000000
0.000000,0.000000
0.000000,0.000000
0.002579,0.002579
0.000000,0.000000
0.000000,0.000000
0.000000,0.000000
0.000000,0.000000
0.000495,0.000495
0.004104,0.004104
0.004138,0.004138
0.010987,0.010987
0.000000,0.000000
0.000000,0.000000
0.000000,0.000000
0.000000,0.000000
0.000000,0.000000
0.009868,0.009868
0.000000,0.000000
0.000000,0.000000
0.000000,0.000000
0.000000,0.000000
0.000458,0.000458
0.000882,0.000882
0.000000,0.000000
0.013538,0.013538
0.007280,0.007280
0.000000,0.000000
0.000000,0.000000
0.001128,0.001128
0.000735,0.000735
0.000000,0.000000
0.000000,0.000000
0.000000,0.000000
0.000000,0.000000
0.000000,0.000000
0.000000,0.000000
0.007705,0.007705
0.000000,0.000000
0.000000,0.000000
0.000000,0.000000
0.000000,0.000000
0.007504,0.007504
0.005124,0.005124
0.000000,0.000000
0.000000,0.000000
0.000000,0.000000
0.000000,0.000000
0.000000,0.000000
0.000000,0.000000
0.005209,0.005209
0.000000,0.000000
0.000000,0.000000
0.001769,0.001769
0.000000,0.000000
0.000000,0.000000
0.000000,0.000000
0.000105,0.000105
0.000000,0.000000
0.000000,0.000000
0.000712,0.000712
0.012830,0.012830
0.005675,0.005675
0.001695,0.001695
0.000000,0.000000
0.000000,0.000000
0.000308,0.000308
0.000000,0.000000
0.003467,0.003467
0.000000,0.000000
0.000000,0.000000
0.001081,0.001081
0.001042,0.001042
0.000000,0.000000
0.000000,0.000000
0.003958,0.003958
0.004935,0.004935
0.000000,0.000000
0.000000,0.000000
0.000000,0.000000
0.000000,0.000000
0.004387,0.004387
0.000453,0.000453
0.000000,0.000000
0.000000,0.000000
0.000000,0.000000
0.000000,0.000000
0.000000,0.000000
0.018433,0.018433
0.003008,0.003008
0.000000,0.000000
0.011678,0.011678
0.000000,0.000000
0.000000,0.000000
0.000000,0.000000
0.000000,0.000000
0.000000,0.000000
0.000886,0.000886
0.000000,0.000000
0.000000,0.000000
0.001619,0.001619
0.000000,0.000000
0.003660,0.003660
0.000000,0.000000
0.000000,0.000000
0.000000,0.000000
0.000000,0.000000
0.005823,0.005823
0.000000,0.000000
0.005262,0.005262
0.005216,0.005216
0.000000,0.000000
0.004137,0.004137
0.000748,0.000748
0.000000,0.000000
0.000000,0.000000
0.000000,0.000000
0.010477,0.010477
0.000000,0.000000
0.000000,0.000000
0.000000,0.000000
0.000000,0.000000
0.003530,0.003530
0.001424,0.001424
0.000000,0.000000
0.000000,0.000000
0.000000,0.000000
0.000000,0.000000
0.002040,0.002040
0.000000,0.000000
0.004941,0.004941
0.000000,0.000000
0.000000,0.000000
0.002793,0.002793
0.000000,0.000000
0.000000,0.000000
0.000000,0.000000
0.000000,0.000000
0.000000,0.000000
0.006467,0.006467
0.000000,0.000000
0.000000,0.000000
0.007872,0.007872
0.000000,0.000000
0.031891,0.031891
0.000000,0.000000
0.000000,0.000000
0.001275,0.001275
0.000000,0.000000
0.000000,0.000000
0.000000,0.000000
0.000000,0.000000
0.003919,0.003919
0.012835,0.012835
0.000000,0.000000
0.000000,0.000000
0.000000,0.000000
0.000969,0.000969
0.000000,0.000000
0.006380,0.006380
0.000000,0.000000
0.000000,0.000000
0.000000,0.000000
0.009251,0.009251
0.000000,0.000000
0.000000,0.000000
0.002107,0.002107
0.000000,0.000000
0.004432,0.004432
0.000000,0.000000
0.000000,0.000000
0.000000,0.000000
0.000000,0.000000
0.000000,0.000000
0.000737,0.000737
0.003195,0.003195
0.000000,0.000000
0.000000,0.000000
0.000000,0.000000
0.000000,0.000000
0.010392,0.010392
0.000000,0.000000
0.000000,0.000000
0.000000,0.000000
0.000000,0.000000
0.000351,0.000351
0.000000,0.000000
0.004380,0.004380
0.000000,0.000000
0.000000,0.000000
0.000000,0.000000
0.000000,0.000000
0.000000,0.000000
0.000000,0.000000
0.000549,0.000549
0.000000,0.000000
0.000000,0.000000
0.002422,0.002422
0.012140,0.012140
0.000000,0.000000
0.001891,0.001891
0.005434,0.005434
0.000000,0.000000
0.000000,0.000000
0.000000,0.000000
0.000000,0.000000
0.000000,0.000000
0.001161,0.001161
0.000000,0.000000
0.003054,0.003054
0.004835,0.004835
0.000000,0.000000
0.005629,0.005629
0.000000,0.000000
0.000000,0.000000
0.000000,0.000000
0.000000,0.000000
0.000000,0.000000
0.011666,0.011666
0.000000,0.000000
0.000000,0.000000
0.000000,0.000000
0.000622,0.000622
0.000000,0.000000
0.000000,0.000000
0.000000,0.000000
0.000000,0.000000
0.007531,0.007531
0.003085,0.003085
0.000000,0.000000
0.000000,0.000000
0.000404,0.000404
0.000000,0.000000
0.003431,0.003431
0.001213,0.001213
0.000704,0.000704
0.006708,0.006708
0.000000,0.000000
0.000000,0.000000
0.000000,0.000000
0.012741,0.012741
0.000000,0.000000
0.000000,0.000000
0.000000,0.000000
0.000000,0.000000
0.000000,0.000000
0.000000,0.000000
0.000000,0.000000
0.000000,0.000000
0.006023,0.006023
0.000000,0.000000
0.007280,0.007280
0.000000,0.000000
0.002301,0.002301
0.002484,0.002484
0.011918,0.011918
0.007724,0.007724
0.000000,0.000000
0.000000,0.000000
0.002475,0.002475
0.000000,0.000000
0.005744,0.005744
0.000000,0.000000
0.000000,0.000000
0.004385,0.004385
0.000000,0.000000
0.000000,0.000000
0.008670,0.008670
0.002657,0.002657
0.000000,0.000000
0.000000,0.000000
0.004550,0.004550
0.000000,0.000000
0.000000,0.000000
0.000000,0.000000
0.004388,0.004388
0.000000,0.000000
0.000000,0.000000
0.000000,0.000000
0.000000,0.000000
0.002938,0.002938
0.000000,0.000000
0.000000,0.000000
0.000000,0.000000
0.000000,0.000000
0.000000,0.000000
0.000000,0.000000
0.002663,0.002663
0.000000,0.000000
0.000000,0.000000
0.000000,0.000000
0.000000,0.000000
0.000000,0.000000
0.000000,0.000000
0.000000,0.000000
0.000000,0.000000
0.000000,0.000000
0.000000,0.000000
0.000000,0.000000
0.000000,0.000000
0.005931,0.005931
0.000000,0.000000
0.000000,0.000000
0.000000,0.000000
0.000000,0.000000
0.000000,0.000000
0.000000,0.000000
0.008031,0.008031
0.003934,0.003934
0.003988,0.003988
0.006882,0.006882
0.010398,0.010398
0.000000,0.000000
0.011920,0.011920
0.000000,0.000000
0.000000,0.000000
0.013857,0.013857
0.011753,0.011753
0.002244,0.002244
0.000000,0.000000
0.017143,0.017143
0.005914,0.005914
0.000000,0.000000
0.000000,0.000000
0.000000,0.000000
0.000000,0.000000
0.000000,0.000000
0.000794,0.000794
0.000000,0.000000
0.000000,0.000000
0.000000,0.000000
0.000000,0.000000
0.000000,0.000000
0.000000,0.000000
0.000000,0.000000
0.000000,0.000000
0.000000,0.000000
0.000600,0.000600
0.000000,0.000000
0.000000,0.000000
0.000000,0.000000
0.003456,0.003456
0.000000,0.000000
0.000000,0.000000
0.000000,0.000000
0.000000,0.000000
0.001967,0.001967
0.000000,0.000000
0.000000,0.000000
0.003325,0.003325
0.000000,0.000000
0.000000,0.000000
0.000000,0.000000
0.000000,0.000000
0.000000,0.000000
0.000552,0.000552
0.000000,0.000000
0.000000,0.000000
0.004493,0.004493
0.010475,0.010475
0.004510,0.004510
0.000000,0.000000
0.000000,0.000000
0.000000,0.000000
0.000515,0.000515
0.000000,0.000000
0.007966,0.007966
0.003454,0.003454
0.000000,0.000000
0.018102,0.018102
0.006362,0.006362
0.000000,0.000000
0.000000,0.000000
0.000000,0.000000
0.000000,0.000000
0.004318,0.004318
0.000000,0.000000
0.001922,0.001922
0.000064,0.000064
0.000000,0.000000
0.003248,0.003248
0.000000,0.000000
0.000000,0.000000
0.000000,0.000000
0.000000,0.000000
0.000000,0.000000
0.000000,0.000000
0.000000,0.000000
0.000000,0.000000
0.000000,0.000000
0.004680,0.004680
0.000000,0.000000
0.000000,0.000000
0.000000,0.000000
0.000000,0.000000
0.000000,0.000000
0.000000,0.000000
0.000000,0.000000
0.000000,0.000000
0.000000,0.000000
0.000000,0.000000
0.000000,0.000000
0.000000,0.000000
0.000000,0.000000
0.000000,0.000000
0.000000,0.000000
0.000000,0.000000
0.000000,0.000000
0.000000,0.000000
0.000000,0.000000
0.000000,0.000000
0.000000,0.000000
0.000000,0.000000
0.000000,0.000000
0.000000,0.000000
0.000000,0.000000
0.000000,0.000000
0.000115,0.000115
0.004352,0.004352
0.000000,0.000000
0.000000,0.000000
0.000000,0.000000
0.000000,0.000000
0.000244,0.000244
0.000000,0.000000
0.000000,0.000000
0.000000,0.000000
0.000000,0.000000
0.000000,0.000000
0.000000,0.000000
0.000076,0.000076
0.012603,0.012603
0.017317,0.017317
0.000000,0.000000
0.004967,0.004967
0.000000,0.000000
0.000000,0.000000
0.000000,0.000000
0.000000,0.000000
0.000000,0.000000
0.005494,0.005494
0.004612,0.004612
0.000000,0.000000
0.000000,0.000000
0.000000,0.000000
0.000000,0.000000
0.000000,0.000000
0.000000,0.000000
0.000000,0.000000
0.003839,0.003839
0.000000,0.000000
0.000000,0.000000
0.000000,0.000000
0.000000,0.000000
0.000000,0.000000
0.007345,0.007345
0.000000,0.000000
0.003788,0.003788
0.000077,0.000077
0.000952,0.000952
0.003231,0.003231
0.000000,0.000000
0.000000,0.000000
0.000000,0.000000
0.000000,0.000000
0.000000,0.000000
0.000000,0.000000
0.000000,0.000000
0.000000,0.000000
0.011662,0.011662
0.000000,0.000000
0.000000,0.000000
0.000000,0.000000
0.000000,0.000000
0.000000,0.000000
0.000000,0.000000
0.000000,0.000000
0.000000,0.000000
0.000000,0.000000
0.000000,0.000000
0.000000,0.000000
0.000000,0.000000
0.000000,0.000000
0.005656,0.005656
0.003800,0.003800
0.001086,0.001086
0.005647,0.005647
0.000000,0.000000
0.000000,0.000000
0.000000,0.000000
0.000000,0.000000
0.004665,0.004665
0.006835,0.006835
0.000000,0.000000
0.000000,0.000000
0.000000,0.000000
0.000000,0.000000
0.000000,0.000000
0.000000,0.000000
0.000000,0.000000
0.000000,0.000000
0.000000,0.000000
0.000000,0.000000
0.003168,0.003168
0.000000,0.000000
0.000000,0.000000
0.000000,0.000000
0.000000,0.000000
0.000000,0.000000
0.000000,0.000000
0.000000,0.000000
0.000000,0.000000
0.013268,0.013268
0.000000,0.000000
0.000000,0.000000
0.004532,0.004532
0.000000,0.000000
0.000000,0.000000
0.004316,0.004316
0.000000,0.000000
0.000000,0.000000
0.000000,0.000000
0.000382,0.000382
0.000000,0.000000
0.000000,0.000000
0.000000,0.000000
0.000000,0.000000
0.000000,0.000000
0.000000,0.000000
0.000661,0.000661
0.000000,0.000000
0.004814,0.004814
0.000000,0.000000
0.002276,0.002276
0.003720,0.003720
0.000000,0.000000
0.000573,0.000573
0.000000,0.000000
0.000000,0.000000
0.011384,0.011384
0.000000,0.000000
0.000000,0.000000
0.000000,0.000000
0.000000,0.000000
0.000000,0.000000
0.002367,0.002367
0.000000,0.000000
0.005779,0.005779
0.004950,0.004950
0.000000,0.000000
0.000000,0.000000
0.000000,0.000000
0.000000,0.000000
0.000000,0.000000
0.000000,0.000000
0.004396,0.004396
0.000000,0.000000
0.000000,0.000000
0.000000,0.000000
0.001923,0.001923
0.000000,0.000000
0.001047,0.001047
0.000000,0.000000
0.000000,0.000000
0.000000,0.000000
0.000000,0.000000
0.000000,0.000000
0.000000,0.000000
0.000000,0.000000
0.011332,0.011332
0.010791,0.010791
0.000000,0.000000
0.001915,0.001915
0.013227,0.013227
0.000000,0.000000
0.000000,0.000000
0.000739,0.000739
0.000000,0.000000
0.000000,0.000000
0.003835,0.003835
0.000000,0.000000
0.003121,0.003121
0.000000,0.000000
0.000000,0.000000
0.009598,0.009598
0.000000,0.000000
0.000000,0.000000
0.000000,0.000000
0.000000,0.000000
0.000000,0.000000
0.000000,0.000000
0.000000,0.000000
0.002069,0.002069
0.000000,0.000000
0.000000,0.000000
0.006390,0.006390
0.000000,0.000000
0.000000,0.000000
0.000000,0.000000
0.003708,0.003708
0.000000,0.000000
0.000000,0.000000
0.000000,0.000000
0.000000,0.000000
0.000000,0.000000
0.000000,0.000000
0.000000,0.000000
0.000000,0.000000
0.005942,0.005942
0.000000,0.000000
0.000000,0.000000
0.000678,0.000678
0.000000,0.000000
0.000000,0.000000
0.000000,0.000000
0.000000,0.000000
0.000000,0.000000
0.000000,0.000000
0.001113,0.001113
0.003542,0.003542
0.000867,0.000867
0.016388,0.016388
0.000000,0.000000
0.000000,0.000000
0.000000,0.000000
0.000000,0.000000
0.000000,0.000000
0.000000,0.000000
0.000000,0.000000
0.000000,0.000000
0.000000,0.000000
0.000000,0.000000
0.000000,0.000000
0.000000,0.000000
0.000000,0.000000
0.000000,0.000000
0.005044,0.005044
0.004664,0.004664
0.000000,0.000000
0.000000,0.000000
0.001252,0.001252
0.004483,0.004483
0.000000,0.000000
0.000000,0.000000
0.000000,0.000000
0.000000,0.000000
0.000000,0.000000
0.000000,0.000000
0.002650,0.002650
0.014573,0.014573
0.009876,0.009876
0.000000,0.000000
0.000000,0.000000
0.000000,0.000000
0.002723,0.002723
0.014862,0.014862
0.008904,0.008904
0.001627,0.001627
0.014394,0.014394
0.000000,0.000000
0.000000,0.000000
0.010471,0.010471
0.000000,0.000000
0.000000,0.000000
0.005104,0.005104
0.000000,0.000000
0.002665,0.002665
0.004194,0.004194
0.003140,0.003140
0.002867,0.002867
0.000000,0.000000
0.003179,0.003179
0.000000,0.000000
0.000000,0.000000
0.000000,0.000000
0.000000,0.000000
0.000000,0.000000
0.000000,0.000000
0.000000,0.000000
0.000000,0.000000
0.000000,0.000000
0.000000,0.000000
0.015314,0.015314
0.008751,0.008751
0.000000,0.000000
0.000000,0.000000
0.000000,0.000000
0.000000,0.000000
0.000000,0.000000
0.009161,0.009161
0.008916,0.008916
0.017058,0.017058
0.000000,0.000000
0.000000,0.000000
0.000209,0.000209
0.000000,0.000000
0.002392,0.002392
0.000000,0.000000
0.005448,0.005448
0.000000,0.000000
0.000000,0.000000
0.000000,0.000000
0.000327,0.000327
0.000000,0.000000
0.000000,0.000000
0.000803,0.000803
0.000000,0.000000
0.000851,0.000851
0.000000,0.000000
0.000000,0.000000
0.003272,0.003272
0.000000,0.000000
0.000421,0.000421
0.000000,0.000000
0.000000,0.000000
0.000000,0.000000
0.000000,0.000000
0.011734,0.011734
0.010614,0.010614
0.000000,0.000000
0.002253,0.002253
0.000000,0.000000
0.000000,0.000000
0.001627,0.001627
0.005640,0.005640
0.000000,0.000000
0.001566,0.001566
0.000000,0.000000
0.000000,0.000000
0.000000,0.000000
0.000000,0.000000
0.000000,0.000000
0.011359,0.011359
0.013219,0.013219
0.000000,0.000000
0.000000,0.000000
0.000000,0.000000
0.000000,0.000000
0.000000,0.000000
0.000471,0.000471
0.000000,0.000000
0.000000,0.000000
0.000000,0.000000
0.001832,0.001832
0.005963,0.005963
0.000000,0.000000
0.000000,0.000000
0.000000,0.000000
0.000000,0.000000
0.000000,0.000000
0.000000,0.000000
0.000000,0.000000
0.000000,0.000000
0.000000,0.000000
0.000000,0.000000
0.000000,0.000000
0.000000,0.000000
0.000000,0.000000
0.000000,0.000000
0.000000,0.000000
0.000000,0.000000
0.000000,0.000000
0.000000,0.000000
0.000000,0.000000
0.000000,0.000000
0.000000,0.000000
0.000000,0.000000
0.012720,0.012720
0.000000,0.000000
0.002102,0.002102
0.000000,0.000000
0.000000,0.000000
0.000000,0.000000
0.015022,0.015022
0.019749,0.019749
0.000000,0.000000
0.000000,0.000000
0.000000,0.000000
0.000000,0.000000
0.000000,0.000000
0.000000,0.000000
0.001815,0.001815
0.003838,0.003838
0.000000,0.000000
0.000000,0.000000
0.000000,0.000000
0.000000,0.000000
0.000000,0.000000
0.000000,0.000000
0.000000,0.000000
0.000000,0.000000
0.000000,0.000000
0.000000,0.000000
0.014656,0.014656
0.000000,0.000000
0.000000,0.000000
0.000000,0.000000
0.000000,0.000000
0.000000,0.000000
0.000000,0.000000
0.000000,0.000000
0.000000,0.000000
0.013317,0.013317
0.000000,0.000000
0.000000,0.000000
0.000000,0.000000
0.000000,0.000000
0.000000,0.000000
0.000000,0.000000
0.000000,0.000000
0.002746,0.002746
0.000000,0.000000
0.010981,0.010981
0.014627,0.014627
0.000000,0.000000
0.017172,0.017172
0.000000,0.000000
0.000000,0.000000
0.000000,0.000000
0.000000,0.000000
0.000000,0.000000
0.000000,0.000000
0.000000,0.000000
0.000000,0.000000
0.004250,0.004250
0.000000,0.000000
0.000000,0.000000
0.000000,0.000000
0.000000,0.000000
0.000000,0.000000
0.000000,0.000000
0.000000,0.000000
0.000000,0.000000
0.000000,0.000000
0.000000,0.000000
0.002981,0.002981
0.000000,0.000000
0.000000,0.000000
0.000000,0.000000
0.000000,0.000000
0.000000,0.000000
0.000000,0.000000
0.000000,0.000000
0.000000,0.000000
0.000547,0.000547
0.000000,0.000000
0.000000,0.000000
0.000000,0.000000
0.000000,0.000000
0.000000,0.000000
0.000000,0.000000
0.000000,0.000000
0.000000,0.000000
0.000000,0.000000
0.000000,0.000000
0.000000,0.000000
0.000000,0.000000
0.000000,0.000000
0.035242,0.035242
0.011944,0.011944
0.000000,0.000000
0.000000,0.000000
0.000070,0.000070
0.000000,0.000000
0.000000,0.000000
0.000000,0.000000
0.004879,0.004879
0.000000,0.000000
0.000000,0.000000
0.000000,0.000000
0.000000,0.000000
0.000000,0.000000
0.000000,0.000000
0.000000,0.000000
0.000000,0.000000
0.000000,0.000000
0.000000,0.000000
0.000000,0.000000
0.000000,0.000000
0.000000,0.000000
0.000000,0.000000
0.000000,0.000000
0.013355,0.013355
0.000000,0.000000
0.000000,0.000000
0.000000,0.000000
0.000000,0.000000
0.016107,0.016107
0.000000,0.000000
0.000000,0.000000
0.000000,0.000000
0.000065,0.000065
0.000000,0.000000
0.000000,0.000000
0.000000,0.000000
0.001015,0.001015
0.000000,0.000000
0.000000,0.000000
0.000000,0.000000
0.004827,0.004827
0.000000,0.000000
0.000000,0.000000
0.000000,0.000000
0.000000,0.000000
0.000000,0.000000
0.000000,0.000000
0.000000,0.000000
0.000000,0.000000
0.000000,0.000000
0.000000,0.000000
0.003736,0.003736
0.000000,0.000000
0.006354,0.006354
0.000000,0.000000
0.000000,0.000000
0.000000,0.000000
0.000000,0.000000
0.001985,0.001985
0.000000,0.000000
0.000000,0.000000
0.029376,0.029376
0.000000,0.000000
0.000000,0.000000
0.000000,0.000000
0.000000,0.000000
0.003536,0.003536
0.000000,0.000000
0.002192,0.002192
0.000000,0.000000
0.000000,0.000000
0.000000,0.000000
0.000000,0.000000
0.000000,0.000000
0.000000,0.000000
0.000000,0.000000
0.000000,0.000000
0.000000,0.000000
0.000000,0.000000
0.002662,0.002662
0.000000,0.000000
0.000000,0.000000
0.021135,0.021135
0.000000,0.000000
0.003174,0.003174
0.000000,0.000000
0.000000,0.000000
0.000000,0.000000
0.000000,0.000000
0.000000,0.000000
0.000000,0.000000
0.000000,0.000000
0.002439,0.002439
0.000000,0.000000
0.000000,0.000000
0.000000,0.000000
0.000000,0.000000
0.000000,0.000000
0.000000,0.000000
0.000000,0.000000
0.000000,0.000000
0.002582,0.002582
0.000000,0.000000
0.000000,0.000000
0.001921,0.001921
0.000000,0.000000
0.000000,0.000000
0.000000,0.000000
0.000000,0.000000
0.000197,0.000197
0.000000,0.000000
0.000000,0.000000
0.000000,0.000000
0.000000,0.000000
0.000000,0.000000
0.000000,0.000000
0.000000,0.000000
0.000000,0.000000
0.000000,0.000000
0.000000,0.000000
0.000000,0.000000
0.000000,0.000000
0.000000,0.000000
0.004047,0.004047
0.000000,0.000000
0.000000,0.000000
0.000000,0.000000
0.000000,0.000000
0.000000,0.000000
0.004693,0.004693
0.000000,0.000000
0.000000,0.000000
0.000000,0.000000
0.009327,0.009327
0.000000,0.000000
0.000000,0.000000
0.000000,0.000000
0.000000,0.000000
0.000000,0.000000
0.000000,0.000000
0.000000,0.000000
0.000000,0.000000
0.000000,0.000000
0.000000,0.000000
0.000000,0.000000
0.000000,0.000000
0.000000,0.000000
0.000000,0.000000
0.000000,0.000000
0.000000,0.000000
0.000000,0.000000
0.000000,0.000000
0.000000,0.000000
0.002870,0.002870
0.000000,0.000000
0.000000,0.000000
0.000000,0.000000
0.000000,0.000000
0.000000,0.000000
0.000000,0.000000
0.000000,0.000000
0.000000,0.000000
0.003038,0.003038
0.000000,0.000000
0.000000,0.000000
0.000000,0.000000
0.000000,0.000000
0.000000,0.000000
0.000000,0.000000
0.004945,0.004945
0.000000,0.000000
0.000000,0.000000
0.000000,0.000000
0.000000,0.000000
0.005270,0.005270
0.000000,0.000000
0.004393,0.004393
0.000000,0.000000
0.000000,0.000000
0.000000,0.000000
0.000000,0.000000
0.012350,0.012350
0.000000,0.000000
0.000000,0.000000
0.000000,0.000000
0.000000,0.000000
0.000000,0.000000
0.001349,0.001349
0.000000,0.000000
0.000000,0.000000
0.000000,0.000000
0.000000,0.000000
0.000000,0.000000
0.000000,0.000000
0.000084,0.000084
0.000000,0.000000
0.000000,0.000000
0.002160,0.002160
0.000000,0.000000
0.000000,0.000000
0.000000,0.000000
0.000000,0.000000
0.000000,0.000000
0.000863,0.000863
0.008454,0.008454
0.000000,0.000000
0.000000,0.000000
0.000000,0.000000
0.000000,0.000000
0.000000,0.000000
0.003465,0.003465
0.000000,0.000000
0.003209,0.003209
0.000000,0.000000
0.003297,0.003297
0.000000,0.000000
0.000000,0.000000
0.000000,0.000000
0.000000,0.000000
0.000000,0.000000
0.000000,0.000000
0.000000,0.000000
0.000000,0.000000
0.000000,0.000000
0.000000,0.000000
0.000000,0.000000
0.000000,0.000000
0.000000,0.000000
0.000000,0.000000
0.004237,0.004237
0.000000,0.000000
0.000000,0.000000
0.000000,0.000000
0.000000,0.000000
0.013960,0.013960
0.016803,0.016803
0.000000,0.000000
0.000000,0.000000
0.001936,0.001936
0.000000,0.000000
0.000000,0.000000
0.000000,0.000000
0.000000,0.000000
0.000000,0.000000
0.000000,0.000000
0.000000,0.000000
0.000000,0.000000
0.000000,0.000000
0.000000,0.000000
0.000000,0.000000
0.000000,0.000000
0.005260,0.005260
0.000000,0.000000
0.000000,0.000000
0.000000,0.000000
0.000000,0.000000
0.000000,0.000000
0.002424,0.002424
0.000000,0.000000
0.006861,0.006861
0.000000,0.000000
0.000000,0.000000
0.000000,0.000000
0.000000,0.000000
0.002355,0.002355
0.006594,0.006594
0.000000,0.000000
0.000000,0.000000
0.000000,0.000000
0.000274,0.000274
0.000000,0.000000
0.000000,0.000000
0.000000,0.000000
0.000000,0.000000
0.001002,0.001002
0.005929,0.005929
0.000000,0.000000
0.000000,0.000000
0.000000,0.000000
0.000000,0.000000
0.008372,0.008372
0.000000,0.000000
0.006592,0.006592
0.000000,0.000000
0.000000,0.000000
0.004458,0.004458
0.000000,0.000000
0.000000,0.000000
0.000000,0.000000
0.006281,0.006281
0.002211,0.002211
0.013931,0.013931
0.000000,0.000000
0.000000,0.000000
0.000000,0.000000
0.000000,0.000000
0.000000,0.000000
0.000000,0.000000
0.000000,0.000000
0.000000,0.000000
0.011762,0.011762
0.005827,0.005827
0.000000,0.000000
0.000000,0.000000
0.000000,0.000000
0.000000,0.000000
0.000000,0.000000
0.000000,0.000000
0.000000,0.000000
0.000000,0.000000
0.000000,0.000000
0.000000,0.000000
0.000000,0.000000
0.000000,0.000000
0.000422,0.000422
0.000000,0.000000
0.000000,0.000000
0.000000,0.000000
0.000000,0.000000
0.000000,0.000000
0.000000,0.000000
0.000000,0.000000
0.000000,0.000000
0.000000,0.000000
0.000000,0.000000
0.000000,0.000000
0.000810,0.000810
0.000000,0.000000
0.000000,0.000000
0.004803,0.004803
0.000000,0.000000
0.004414,0.004414
0.000000,0.000000
0.000000,0.000000
0.007881,0.007881
0.001868,0.001868
0.013958,0.013958
0.000000,0.000000
0.000000,0.000000
0.000000,0.000000
0.002997,0.002997
0.000000,0.000000
0.000000,0.000000
0.000000,0.000000
0.000000,0.000000
0.000000,0.000000
0.000000,0.000000
0.000000,0.000000
0.000000,0.000000
0.000000,0.000000
0.000000,0.000000
0.000000,0.000000
0.000000,0.000000
0.004351,0.004351
0.000000,0.000000
0.000000,0.000000
0.002915,0.002915
0.000000,0.000000
0.000000,0.000000
0.000000,0.000000
0.000000,0.000000
0.000000,0.000000
0.000000,0.000000
0.000000,0.000000
0.000000,0.000000
0.000000,0.000000
0.000000,0.000000
0.000000,0.000000
0.000000,0.000000
0.005273,0.005273
0.000000,0.000000
0.000000,0.000000
0.010193,0.010193
0.000000,0.000000
0.000000,0.000000
0.000000,0.000000
0.009082,0.009082
0.000000,0.000000
0.000000,0.000000
0.008053,0.008053
0.000000,0.000000
0.000000,0.000000
0.000000,0.000000
0.010370,0.010370
0.000000,0.000000
0.000000,0.000000
0.000000,0.000000
0.000000,0.000000
0.000000,0.000000
0.000000,0.000000
0.000000,0.000000
0.000000,0.000000
0.000000,0.000000
0.000000,0.000000
0.001682,0.001682
0.003715,0.003715
0.000000,0.000000
0.000000,0.000000
0.000000,0.000000
0.000000,0.000000
0.000000,0.000000
0.000000,0.000000
0.000000,0.000000
0.002152,0.002152
0.000000,0.000000
0.000000,0.000000
0.000875,0.000875
0.001068,0.001068
0.000000,0.000000
0.000000,0.000000
0.000000,0.000000
0.000000,0.000000
0.005937,0.005937
0.000000,0.000000
0.002462,0.002462
0.003126,0.003126
0.000000,0.000000
0.000000,0.000000
0.010273,0.010273
0.003722,0.003722
0.000000,0.000000
0.000000,0.000000
0.000000,0.000000
0.012607,0.012607
0.000000,0.000000
0.004656,0.004656
0.004354,0.004354
0.000000,0.000000
0.010101,0.010101
0.000000,0.000000
0.000000,0.000000
0.000000,0.000000
0.000000,0.000000
0.000000,0.000000
0.000000,0.000000
0.002955,0.002955
0.003262,0.003262
0.012787,0.012787
0.000000,0.000000
0.000000,0.000000
0.000000,0.000000
0.000000,0.000000
0.000000,0.000000
0.000000,0.000000
0.006194,0.006194
0.000000,0.000000
0.000000,0.000000
0.000000,0.000000
0.014260,0.014260
0.000000,0.000000
0.000000,0.000000
0.005588,0.005588
0.008496,0.008496
0.000000,0.000000
0.000000,0.000000
0.000000,0.000000
0.000000,0.000000
0.003745,0.003745
0.000000,0.000000
0.002855,0.002855
0.000000,0.000000
0.000000,0.000000
0.003869,0.003869
0.006289,0.006289
0.000000,0.000000
0.002273,0.002273
0.000000,0.000000
0.009631,0.009631
0.011640,0.011640
0.000000,0.000000
0.000000,0.000000
0.008627,0.008627
0.000000,0.000000
0.000000,0.000000
0.000000,0.000000
0.000545,0.000545
0.000000,0.000000
0.010752,0.010752
0.000000,0.000000
0.001656,0.001656
0.000000,0.000000
0.000000,0.000000
0.000000,0.000000
0.006209,0.006209
0.000000,0.000000
0.000000,0.000000
0.000000,0.000000
0.007640,0.007640
0.000000,0.000000
0.000000,0.000000
0.000000,0.000000
0.000000,0.000000
0.000000,0.000000
0.002551,0.002551
0.000000,0.000000
0.000076,0.000076
0.000000,0.000000
0.000000,0.000000
0.000000,0.000000
0.000000,0.000000
0.000000,0.000000
0.000000,0.000000
0.000000,0.000000
0.000000,0.000000
0.005660,0.005660
0.030653,0.030653
0.000000,0.000000
0.000000,0.000000
0.000000,0.000000
0.001436,0.001436
0.000000,0.000000
0.000000,0.000000
0.000713,0.000713
0.000000,0.000000
0.000000,0.000000
0.000000,0.000000
0.000000,0.000000
0.000000,0.000000
0.000000,0.000000
0.000000,0.000000
0.000000,0.000000
0.000000,0.000000
0.005363,0.005363
0.000000,0.000000
0.000000,0.000000
0.000000,0.000000
0.000000,0.000000
0.004673,0.004673
0.000000,0.000000
0.000000,0.000000
0.006110,0.006110
0.000000,0.000000
0.000000,0.000000
0.000089,0.000089
0.001434,0.001434
0.000000,0.000000
0.001660,0.001660
0.009801,0.009801
0.001551,0.001551
0.007319,0.007319
0.000000,0.000000
0.000000,0.000000
0.000000,0.000000
0.000000,0.000000
0.001938,0.001938
0.000000,0.000000
0.000357,0.000357
0.000000,0.000000
0.000000,0.000000
0.012525,0.012525
0.000000,0.000000
0.000000,0.000000
0.000000,0.000000
0.006710,0.006710
0.000000,0.000000
0.000000,0.000000
0.003936,0.003936
0.000000,0.000000
0.000000,0.000000
0.000602,0.000602
0.000000,0.000000
0.008394,0.008394
0.004533,0.004533
0.000000,0.000000
0.021480,0.021480
