bin,total,Braking_START->Braking_FINISH,Camera1_FINISH->Perception_CameraPerception_START,Camera1_START->Camera1_FINISH,CollisionDetection_BrakingDecision_FINISH->Braking_START,CollisionDetection_BrakingDecision_START->CollisionDetection_BrakingDecision_FINISH,CollisionDetection_TimeToCollision_FINISH->CollisionDetection_BrakingDecision_START,CollisionDetection_TimeToCollision_START->CollisionDetection_TimeToCollision_FINISH,Perception_CameraPerception_FINISH->Perception_Fusion_START,Perception_CameraPerception_START->Perception_CameraPerception_FINISH,Perception_Fusion_FINISH->SemanticExtraction_ObjectDetection_START,Perception_Fusion_START->Perception_Fusion_FINISH,SemanticExtraction_ObjectDetection_FINISH->SemanticExtraction_Prediction_START,SemanticExtraction_ObjectDetection_START->SemanticExtraction_ObjectDetection_FINISH,SemanticExtraction_Prediction_FINISH->CollisionDetection_TimeToCollision_START,SemanticExtraction_Prediction_START->SemanticExtraction_Prediction_FINISH
0.284000,0.000655,0.000031,0.000094,0.000003,0.000000,0.000014,0.000000,0.000060,0.000081,0.000031,0.000000,0.000052,0.000000,0.000105,0.000156,0.000026
0.285000,0.000000,0.000000,0.000000,0.000000,0.000000,0.000000,0.000000,0.000000,0.000000,0.000000,0.000000,0.000000,0.000000,0.000000,0.000000,0.000000
0.286000,0.000000,0.000000,0.000000,0.000000,0.000000,0.000000,0.000000,0.000000,0.000000,0.000000,0.000000,0.000000,0.000000,0.000000,0.000000,0.000000
0.287000,0.000000,0.000000,0.000000,0.000000,0.000000,0.000000,0.000000,0.000000,0.000000,0.000000,0.000000,0.000000,0.000000,0.000000,0.000000,0.000000
0.288000,0.000000,0.000000,0.000000,0.000000,0.000000,0.000000,0.000000,0.000000,0.000000,0.000000,0.000000,0.000000,0.000000,0.000000,0.000000,0.000000
0.289000,0.000000,0.000000,0.000000,0.000000,0.000000,0.000000,0.000000,0.000000,0.000000,0.000000,0.000000,0.000000,0.000000,0.000000,0.000000,0.000000
0.290000,0.000000,0.000000,0.000000,0.000000,0.000000,0.000000,0.000000,0.000000,0.000000,0.000000,0.000000,0.000000,0.000000,0.000000,0.000000,0.000000
0.291000,0.000000,0.000000,0.000000,0.000000,0.000000,0.000000,0.000000,0.000000,0.000000,0.000000,0.000000,0.000000,0.000000,0.000000,0.000000,0.000000
0.292000,0.000000,0.000000,0.000000,0.000000,0.000000,0.000000,0.000000,0.000000,0.000000,0.000000,0.000000,0.000000,0.000000,0.000000,0.000000,0.000000
0.293000,0.000655,0.000018,0.000085,0.000017,0.000000,0.000012,0.000000,0.000076,0.000046,0.000017,0.000000,0.000062,0.000000,0.000093,0.000204,0.000023
0.294000,0.000000,0.000000,0.000000,0.000000,0.000000,0.000000,0.000000,0.000000,0.000000,0.000000,0.000000,0.000000,0.000000,0.000000,0.000000,0.000000
0.295000,0.000000,0.000000,0.000000,0.000000,0.000000,0.000000,0.000000,0.000000,0.000000,0.000000,0.000000,0.000000,0.000000,0.000000,0.000000,0.000000
0.296000,0.000000,0.000000,0.000000,0.000000,0.000000,0.000000,0.000000,0.000000,0.000000,0.000000,0.000000,0.000000,0.000000,0.000000,0.000000,0.000000
0.297000,0.000655,0.000024,0.000108,0.000013,0.000000,0.000012,0.000021,0.000049,0.000049,0.000022,0.000000,0.000060,0.000000,0.000097,0.000175,0.000024
0.298000,0.000000,0.000000,0.000000,0.000000,0.000000,0.000000,0.000000,0.000000,0.000000,0.000000,0.000000,0.000000,0.000000,0.000000,0.000000,0.000000
0.299000,0.000655,0.000020,0.000030,0.000012,0.000000,0.000018,0.000000,0.000065,0.000168,0.000020,0.000000,0.000067,0.000000,0.000135,0.000100,0.000021
0.300000,0.000000,0.000000,0.000000,0.000000,0.000000,0.000000,0.000000,0.000000,0.000000,0.000000,0.000000,0.000000,0.000000,0.000000,0.000000,0.000000
0.301000,0.000000,0.000000,0.000000,0.000000,0.000000,0.000000,0.000000,0.000000,0.000000,0.000000,0.000000,0.000000,0.000000,0.000000,0.000000,0.000000
0.302000,0.000000,0.000000,0.000000,0.000000,0.000000,0.000000,0.000000,0.000000,0.000000,0.000000,0.000000,0.000000,0.000000,0.000000,0.000000,0.000000
0.303000,0.000000,0.000000,0.000000,0.000000,0.000000,0.000000,0.000000,0.000000,0.000000,0.000000,0.000000,0.000000,0.000000,0.000000,0.000000,0.000000
0.304000,0.000000,0.000000,0.000000,0.000000,0.000000,0.000000,0.000000,0.000000,0.000000,0.000000,0.000000,0.000000,0.000000,0.000000,0.000000,0.000000
0.305000,0.000000,0.000000,0.000000,0.000000,0.000000,0.000000,0.000000,0.000000,0.000000,0.000000,0.000000,0.000000,0.000000,0.000000,0.000000,0.000000
0.306000,0.000000,0.000000,0.000000,0.000000,0.000000,0.000000,0.000000,0.000000,0.000000,0.000000,0.000000,0.000000,0.000000,0.000000,0.000000,0.000000
0.307000,0.000655,0.000021,0.000142,0.000005,0.000000,0.000012,0.000000,0.000050,0.000067,0.000019,0.000000,0.000043,0.000000,0.000088,0.000183,0.000024
0.308000,0.000000,0.000000,0.000000,0.000000,0.000000,0.000000,0.000000,0.000000,0.000000,0.000000,0.000000,0.000000,0.000000,0.000000,0.000000,0.000000
0.309000,0.000655,0.000026,0.000131,0.000015,0.000000,0.000010,0.000000,0.000059,0.000055,0.000021,0.000000,0.000048,0.000000,0.000105,0.000163,0.000021
0.310000,0.000000,0.000000,0.000000,0.000000,0.000000,0.000000,0.000000,0.000000,0.000000,0.000000,0.000000,0.000000,0.000000,0.000000,0.000000,0.000000
0.311000,0.000000,0.000000,0.000000,0.000000,0.000000,0.000000,0.000000,0.000000,0.000000,0.000000,0.000000,0.000000,0.000000,0.000000,0.000000,0.000000
0.312000,0.000000,0.000000,0.000000,0.000000,0.000000,0.000000,0.000000,0.000000,0.000000,0.000000,0.000000,0.000000,0.000000,0.000000,0.000000,0.000000
0.313000,0.000000,0.000000,0.000000,0.000000,0.000000,0.000000,0.000000,0.000000,0.000000,0.000000,0.000000,0.000000,0.000000,0.000000,0.000000,0.000000
0.314000,0.000000,0.000000,0.000000,0.000000,0.000000,0.000000,0.000000,0.000000,0.000000,0.000000,0.000000,0.000000,0.000000,0.000000,0.000000,0.000000
0.315000,0.000000,0.000000,0.000000,0.000000,0.000000,0.000000,0.000000,0.000000,0.000000,0.000000,0.000000,0.000000,0.000000,0.000000,0.000000,0.000000
0.316000,0.000000,0.000000,0.000000,0.000000,0.000000,0.000000,0.000000,0.000000,0.000000,0.000000,0.000000,0.000000,0.000000,0.000000,0.000000,0.000000
0.317000,0.000000,0.000000,0.000000,0.000000,0.000000,0.000000,0.000000,0.000000,0.000000,0.000000,0.000000,0.000000,0.000000,0.000000,0.000000,0.000000
0.318000,0.000655,0.000022,0.000139,0.000012,0.000000,0.000010,0.000000,0.000072,0.000031,0.000027,0.000000,0.000057,0.000000,0.000092,0.000171,0.000022
0.319000,0.000000,0.000000,0.000000,0.000000,0.000000,0.000000,0.000000,0.000000,0.000000,0.000000,0.000000,0.000000,0.000000,0.000000,0.000000,0.000000
0.320000,0.000000,0.000000,0.000000,0.000000,0.000000,0.000000,0.000000,0.000000,0.000000,0.000000,0.000000,0.000000,0.000000,0.000000,0.000000,0.000000
0.321000,0.001310,0.000040,0.000403,0.000013,0.000000,0.000016,0.000000,0.000115,0.000145,0.000043,0.000000,0.000090,0.000000,0.000219,0.000182,0.000044
0.322000,0.000655,0.000023,0.000172,0.000013,0.000000,0.000005,0.000000,0.000065,0.000000,0.000029,0.000000,0.000045,0.000000,0.000115,0.000168,0.000020
0.323000,0.001965,0.000068,0.000467,0.000038,0.000000,0.000032,0.000000,0.000176,0.000088,0.000050,0.000000,0.000118,0.000000,0.000274,0.000596,0.000058
0.324000,0.001310,0.000034,0.000349,0.000016,0.000000,0.000020,0.000021,0.000134,0.000224,0.000032,0.000000,0.000094,0.000000,0.000232,0.000114,0.000039
0.325000,0.000655,0.000020,0.000175,0.000011,0.000000,0.000006,0.000019,0.000048,0.000015,0.000021,0.000000,0.000050,0.000000,0.000122,0.000143,0.000023
0.326000,0.000655,0.000024,0.000101,0.000012,0.000000,0.000015,0.000000,0.000053,0.000125,0.000018,0.000000,0.000049,0.000000,0.000095,0.000143,0.000019
0.327000,0.000000,0.000000,0.000000,0.000000,0.000000,0.000000,0.000000,0.000000,0.000000,0.000000,0.000000,0.000000,0.000000,0.000000,0.000000,0.000000
0.328000,0.000000,0.000000,0.000000,0.000000,0.000000,0.000000,0.000000,0.000000,0.000000,0.000000,0.000000,0.000000,0.000000,0.000000,0.000000,0.000000
0.329000,0.000655,0.000020,0.000181,0.000006,0.000000,0.000007,0.000024,0.000057,0.000033,0.000025,0.000000,0.000043,0.000000,0.000104,0.000136,0.000020
0.330000,0.000000,0.000000,0.000000,0.000000,0.000000,0.000000,0.000000,0.000000,0.000000,0.000000,0.000000,0.000000,0.000000,0.000000,0.000000,0.000000
0.331000,0.000655,0.000021,0.000180,0.000014,0.000000,0.000007,0.000000,0.000061,0.000128,0.000026,0.000000,0.000044,0.000000,0.000116,0.000038,0.000020
0.332000,0.001310,0.000038,0.000282,0.000013,0.000000,0.000020,0.000000,0.000106,0.000159,0.000040,0.000000,0.000107,0.000000,0.000181,0.000327,0.000037
0.333000,0.000000,0.000000,0.000000,0.000000,0.000000,0.000000,0.000000,0.000000,0.000000,0.000000,0.000000,0.000000,0.000000,0.000000,0.000000,0.000000
0.334000,0.000655,0.000018,0.000182,0.000010,0.000000,0.000010,0.000000,0.000051,0.000033,0.000015,0.000000,0.000042,0.000000,0.000087,0.000187,0.000020
0.335000,0.000655,0.000021,0.000203,0.000014,0.000000,0.000015,0.000000,0.000052,0.000192,0.000020,0.000000,0.000041,0.000000,0.000079,0.000000,0.000019
0.336000,0.000655,0.000018,0.000135,0.000009,0.000000,0.000013,0.000019,0.000056,0.000019,0.000015,0.000000,0.000048,0.000000,0.000103,0.000198,0.000021
0.337000,0.001310,0.000038,0.000271,0.000030,0.000000,0.000020,0.000021,0.000104,0.000138,0.000036,0.000000,0.000096,0.000000,0.000207,0.000309,0.000040
0.338000,0.002620,0.000083,0.000552,0.000038,0.000000,0.000037,0.000019,0.000229,0.000350,0.000063,0.000000,0.000182,0.000000,0.000412,0.000573,0.000083
0.339000,0.000000,0.000000,0.000000,0.000000,0.000000,0.000000,0.000000,0.000000,0.000000,0.000000,0.000000,0.000000,0.000000,0.000000,0.000000,0.000000
0.340000,0.001310,0.000028,0.000434,0.000027,0.000000,0.000021,0.000021,0.000139,0.000152,0.000037,0.000000,0.000106,0.000000,0.000187,0.000123,0.000035
0.341000,0.000655,0.000013,0.000210,0.000003,0.000000,0.000014,0.000000,0.000050,0.000149,0.000015,0.000000,0.000060,0.000000,0.000099,0.000022,0.000020
0.342000,0.001310,0.000041,0.000432,0.000027,0.000000,0.000014,0.000000,0.000134,0.000137,0.000045,0.000000,0.000120,0.000000,0.000146,0.000171,0.000042
0.343000,0.003274,0.000087,0.000833,0.000048,0.000000,0.000058,0.000019,0.000288,0.000362,0.000112,0.000000,0.000248,0.000000,0.000492,0.000624,0.000103
0.344000,0.000655,0.000020,0.000127,0.000007,0.000000,0.000014,0.000000,0.000051,0.000064,0.000024,0.000000,0.000052,0.000000,0.000111,0.000164,0.000020
0.345000,0.002620,0.000069,0.000705,0.000035,0.000000,0.000046,0.000000,0.000234,0.000247,0.000074,0.000000,0.000213,0.000000,0.000397,0.000529,0.000071
0.346000,0.000655,0.000013,0.000164,0.000007,0.000000,0.000005,0.000000,0.000044,0.000114,0.000014,0.000000,0.000048,0.000000,0.000070,0.000158,0.000018
0.347000,0.000655,0.000015,0.000189,0.000010,0.000000,0.000005,0.000021,0.000054,0.000014,0.000026,0.000000,0.000052,0.000000,0.000069,0.000180,0.000019
0.348000,0.000000,0.000000,0.000000,0.000000,0.000000,0.000000,0.000000,0.000000,0.000000,0.000000,0.000000,0.000000,0.000000,0.000000,0.000000,0.000000
0.349000,0.001310,0.000042,0.000233,0.000016,0.000000,0.000013,0.000018,0.000110,0.000129,0.000035,0.000000,0.000097,0.000000,0.000144,0.000439,0.000034
0.350000,0.001965,0.000052,0.000432,0.000030,0.000000,0.000027,0.000000,0.000200,0.000428,0.000061,0.000000,0.000131,0.000000,0.000274,0.000278,0.000052
0.351000,0.002620,0.000069,0.000639,0.000043,0.000000,0.000038,0.000000,0.000236,0.000495,0.000074,0.000000,0.000167,0.000000,0.000381,0.000401,0.000075
0.352000,0.001310,0.000030,0.000315,0.000016,0.000000,0.000018,0.000000,0.000107,0.000096,0.000034,0.000000,0.000086,0.000000,0.000221,0.000345,0.000041
0.353000,0.001310,0.000028,0.000376,0.000019,0.000000,0.000013,0.000020,0.000098,0.000229,0.000030,0.000000,0.000079,0.000000,0.000152,0.000226,0.000039
0.354000,0.001310,0.000032,0.000327,0.000017,0.000000,0.000013,0.000000,0.000115,0.000184,0.000041,0.000000,0.000105,0.000000,0.000192,0.000250,0.000035
0.355000,0.001965,0.000056,0.000481,0.000031,0.000000,0.000032,0.000017,0.000156,0.000363,0.000043,0.000000,0.000136,0.000000,0.000274,0.000316,0.000059
0.356000,0.001965,0.000052,0.000467,0.000027,0.000000,0.000028,0.000000,0.000171,0.000461,0.000052,0.000000,0.000133,0.000000,0.000256,0.000262,0.000056
0.357000,0.001965,0.000049,0.000465,0.000024,0.000000,0.000031,0.000000,0.000161,0.000438,0.000051,0.000000,0.000124,0.000000,0.000259,0.000303,0.000058
0.358000,0.001310,0.000027,0.000279,0.000020,0.000000,0.000014,0.000016,0.000122,0.000259,0.000037,0.000000,0.000085,0.000000,0.000164,0.000253,0.000034
0.359000,0.003274,0.000092,0.000830,0.000054,0.000000,0.000045,0.000000,0.000263,0.000382,0.000092,0.000000,0.000249,0.000000,0.000379,0.000797,0.000092
0.360000,0.000655,0.000021,0.000125,0.000007,0.000000,0.000003,0.000020,0.000053,0.000126,0.000017,0.000000,0.000039,0.000000,0.000117,0.000106,0.000021
0.361000,0.003929,0.000116,0.000932,0.000045,0.000000,0.000046,0.000020,0.000351,0.000844,0.000106,0.000000,0.000249,0.000000,0.000640,0.000476,0.000105
0.362000,0.001965,0.000058,0.000381,0.000027,0.000000,0.000030,0.000039,0.000161,0.000245,0.000044,0.000000,0.000115,0.000000,0.000301,0.000511,0.000053
0.363000,0.001310,0.000027,0.000279,0.000014,0.000000,0.000017,0.000000,0.000098,0.000211,0.000045,0.000000,0.000109,0.000006,0.000141,0.000325,0.000036
0.364000,0.003274,0.000089,0.000860,0.000044,0.000000,0.000045,0.000020,0.000267,0.000594,0.000104,0.000000,0.000204,0.000000,0.000482,0.000477,0.000088
0.365000,0.001965,0.000051,0.000537,0.000031,0.000000,0.000030,0.000018,0.000177,0.000354,0.000053,0.000000,0.000132,0.000000,0.000272,0.000252,0.000056
0.366000,0.001310,0.000047,0.000276,0.000010,0.000000,0.000014,0.000000,0.000109,0.000228,0.000032,0.000000,0.000105,0.000000,0.000196,0.000257,0.000035
0.367000,0.003929,0.000100,0.000872,0.000051,0.000000,0.000043,0.000017,0.000334,0.000339,0.000107,0.000000,0.000263,0.000000,0.000516,0.001178,0.000110
0.368000,0.003929,0.000097,0.000892,0.000068,0.000000,0.000058,0.000017,0.000306,0.000666,0.000095,0.000013,0.000280,0.000000,0.000562,0.000770,0.000105
0.369000,0.001965,0.000048,0.000568,0.000020,0.000000,0.000031,0.000000,0.000142,0.000496,0.000048,0.000020,0.000159,0.000000,0.000289,0.000084,0.000059
0.370000,0.003274,0.000077,0.000831,0.000051,0.000000,0.000045,0.000000,0.000257,0.000636,0.000095,0.000000,0.000220,0.000000,0.000462,0.000512,0.000089
0.371000,0.001310,0.000043,0.000250,0.000018,0.000000,0.000017,0.000000,0.000096,0.000262,0.000041,0.000000,0.000084,0.000000,0.000125,0.000337,0.000038
0.372000,0.003274,0.000092,0.000896,0.000033,0.000000,0.000038,0.000000,0.000267,0.000619,0.000098,0.000000,0.000226,0.000000,0.000502,0.000411,0.000093
0.373000,0.000655,0.000018,0.000127,0.000011,0.000000,0.000009,0.000000,0.000065,0.000101,0.000023,0.000000,0.000046,0.000000,0.000120,0.000118,0.000016
0.374000,0.001310,0.000041,0.000250,0.000016,0.000000,0.000022,0.000000,0.000129,0.000273,0.000034,0.000000,0.000087,0.000000,0.000214,0.000211,0.000033
0.375000,0.003274,0.000095,0.000797,0.000031,0.000000,0.000047,0.000073,0.000251,0.000529,0.000077,0.000000,0.000181,0.000000,0.000371,0.000737,0.000086
0.376000,0.003929,0.000121,0.000864,0.000048,0.000000,0.000053,0.000019,0.000321,0.000689,0.000106,0.000000,0.000278,0.000000,0.000568,0.000759,0.000102
0.377000,0.005894,0.000140,0.001356,0.000070,0.000000,0.000081,0.000055,0.000458,0.001022,0.000173,0.000000,0.000391,0.000000,0.000784,0.001204,0.000159
0.378000,0.003929,0.000097,0.001048,0.000066,0.000000,0.000048,0.000030,0.000286,0.000540,0.000094,0.000000,0.000288,0.000000,0.000581,0.000746,0.000104
0.379000,0.002620,0.000059,0.000673,0.000046,0.000000,0.000032,0.000000,0.000203,0.000396,0.000055,0.000000,0.000150,0.000000,0.000288,0.000647,0.000071
0.380000,0.001965,0.000054,0.000363,0.000032,0.000000,0.000023,0.000018,0.000165,0.000366,0.000044,0.000000,0.000143,0.000000,0.000254,0.000449,0.000054
0.381000,0.001965,0.000048,0.000474,0.000022,0.000000,0.000013,0.000000,0.000177,0.000317,0.000053,0.000021,0.000146,0.000000,0.000291,0.000347,0.000055
0.382000,0.000000,0.000000,0.000000,0.000000,0.000000,0.000000,0.000000,0.000000,0.000000,0.000000,0.000000,0.000000,0.000000,0.000000,0.000000,0.000000
0.383000,0.003274,0.000096,0.000769,0.000035,0.000000,0.000045,0.000019,0.000253,0.000525,0.000103,0.000000,0.000222,0.000029,0.000397,0.000702,0.000080
0.384000,0.006549,0.000159,0.001226,0.000077,0.000000,0.000085,0.000069,0.000486,0.000973,0.000181,0.000000,0.000469,0.000022,0.000923,0.001708,0.000170
0.385000,0.005239,0.000135,0.001095,0.000060,0.000000,0.000073,0.000033,0.000404,0.001007,0.000154,0.000000,0.000335,0.000000,0.000715,0.001088,0.000140
0.386000,0.002620,0.000075,0.000429,0.000041,0.000000,0.000025,0.000000,0.000198,0.000395,0.000088,0.000000,0.000156,0.000025,0.000329,0.000794,0.000066
0.387000,0.004584,0.000123,0.000982,0.000065,0.000000,0.000060,0.000020,0.000375,0.000562,0.000124,0.000000,0.000299,0.000000,0.000552,0.001301,0.000122
0.388000,0.001310,0.000032,0.000347,0.000017,0.000000,0.000018,0.000000,0.000103,0.000191,0.000023,0.000000,0.000068,0.000000,0.000182,0.000294,0.000036
0.389000,0.001965,0.000047,0.000387,0.000027,0.000000,0.000029,0.000016,0.000172,0.000256,0.000044,0.000000,0.000126,0.000001,0.000237,0.000574,0.000048
0.390000,0.002620,0.000063,0.000621,0.000034,0.000000,0.000027,0.000017,0.000200,0.000278,0.000057,0.000040,0.000150,0.000052,0.000310,0.000706,0.000063
0.391000,0.002620,0.000070,0.000538,0.000032,0.000000,0.000030,0.000018,0.000226,0.000329,0.000059,0.000000,0.000178,0.000028,0.000330,0.000717,0.000064
0.392000,0.002620,0.000072,0.000556,0.000027,0.000000,0.000032,0.000046,0.000185,0.000505,0.000060,0.000000,0.000153,0.000000,0.000323,0.000590,0.000070
0.393000,0.001310,0.000026,0.000273,0.000016,0.000000,0.000009,0.000000,0.000091,0.000188,0.000042,0.000000,0.000095,0.000000,0.000183,0.000348,0.000038
0.394000,0.003274,0.000068,0.000645,0.000042,0.000000,0.000045,0.000000,0.000254,0.000429,0.000097,0.000000,0.000217,0.000046,0.000388,0.000958,0.000085
0.395000,0.002620,0.000056,0.000465,0.000033,0.000000,0.000036,0.000016,0.000205,0.000483,0.000058,0.000000,0.000184,0.000000,0.000340,0.000677,0.000067
0.396000,0.003929,0.000109,0.000859,0.000048,0.000000,0.000046,0.000016,0.000291,0.000515,0.000117,0.000013,0.000215,0.000005,0.000534,0.001066,0.000094
0.397000,0.004584,0.000110,0.000884,0.000059,0.000000,0.000056,0.000047,0.000303,0.000565,0.000119,0.000000,0.000340,0.000041,0.000559,0.001380,0.000122
0.398000,0.001310,0.000034,0.000210,0.000017,0.000000,0.000013,0.000000,0.000112,0.000215,0.000042,0.000000,0.000097,0.000000,0.000186,0.000347,0.000035
0.399000,0.004584,0.000120,0.000708,0.000076,0.000000,0.000053,0.000032,0.000362,0.000486,0.000113,0.000000,0.000307,0.000063,0.000511,0.001637,0.000117
0.400000,0.004584,0.000124,0.000873,0.000050,0.000000,0.000055,0.000000,0.000326,0.000698,0.000110,0.000000,0.000273,0.000011,0.000589,0.001357,0.000118
0.401000,0.006549,0.000166,0.001221,0.000081,0.000000,0.000073,0.000035,0.000488,0.000745,0.000125,0.000000,0.000413,0.000095,0.000770,0.002172,0.000164
0.402000,0.003929,0.000083,0.000672,0.000048,0.000000,0.000036,0.000015,0.000281,0.000568,0.000111,0.000000,0.000261,0.000000,0.000505,0.001247,0.000101
0.403000,0.003274,0.000090,0.000541,0.000039,0.000000,0.000037,0.000031,0.000241,0.000424,0.000100,0.000000,0.000180,0.000046,0.000398,0.001069,0.000078
0.404000,0.004584,0.000109,0.000924,0.000040,0.000000,0.000053,0.000019,0.000352,0.000511,0.000130,0.000000,0.000268,0.000018,0.000581,0.001467,0.000111
0.405000,0.001965,0.000052,0.000297,0.000030,0.000000,0.000027,0.000016,0.000140,0.000231,0.000046,0.000000,0.000126,0.000000,0.000260,0.000688,0.000050
0.406000,0.003274,0.000080,0.000663,0.000038,0.000000,0.000040,0.000030,0.000224,0.000439,0.000092,0.000000,0.000186,0.000004,0.000424,0.000972,0.000081
0.407000,0.003929,0.000093,0.000847,0.000043,0.000000,0.000046,0.000018,0.000286,0.000549,0.000095,0.000000,0.000247,0.000013,0.000488,0.001111,0.000094
0.408000,0.004584,0.000116,0.000850,0.000071,0.000000,0.000045,0.000035,0.000345,0.000465,0.000129,0.000004,0.000287,0.000056,0.000563,0.001514,0.000106
0.409000,0.006549,0.000155,0.001128,0.000078,0.000000,0.000083,0.000015,0.000433,0.000761,0.000135,0.000000,0.000408,0.000075,0.000854,0.002274,0.000150
0.410000,0.006549,0.000159,0.001180,0.000073,0.000000,0.000078,0.000014,0.000468,0.000669,0.000146,0.000000,0.000405,0.000063,0.000874,0.002261,0.000158
0.411000,0.009823,0.000236,0.001863,0.000106,0.000000,0.000100,0.000016,0.000760,0.001363,0.000251,0.000000,0.000635,0.000086,0.001147,0.003022,0.000239
0.412000,0.005239,0.000111,0.001046,0.000080,0.000000,0.000073,0.000029,0.000384,0.000609,0.000127,0.000000,0.000316,0.000075,0.000587,0.001676,0.000128
0.413000,0.005894,0.000148,0.001095,0.000051,0.000000,0.000045,0.000000,0.000416,0.000706,0.000148,0.000000,0.000376,0.000046,0.000694,0.002034,0.000135
0.414000,0.007204,0.000167,0.001281,0.000106,0.000000,0.000089,0.000017,0.000525,0.000887,0.000183,0.000015,0.000479,0.000065,0.000975,0.002233,0.000183
0.415000,0.008513,0.000213,0.001617,0.000118,0.000000,0.000102,0.000000,0.000577,0.000856,0.000185,0.000000,0.000516,0.000159,0.001041,0.002927,0.000201
0.416000,0.006549,0.000167,0.001173,0.000073,0.000000,0.000072,0.000000,0.000463,0.000863,0.000133,0.000000,0.000413,0.000084,0.000811,0.002143,0.000156
0.417000,0.006549,0.000138,0.001091,0.000063,0.000000,0.000074,0.000059,0.000469,0.000654,0.000184,0.000000,0.000407,0.000104,0.000823,0.002328,0.000155
0.418000,0.010478,0.000253,0.002028,0.000147,0.000000,0.000110,0.000033,0.000758,0.001079,0.000229,0.000000,0.000648,0.000149,0.001294,0.003509,0.000241
0.419000,0.011788,0.000301,0.002214,0.000136,0.000000,0.000130,0.000017,0.000816,0.001258,0.000271,0.000004,0.000702,0.000177,0.001428,0.004051,0.000282
0.420000,0.004584,0.000115,0.000917,0.000034,0.000000,0.000067,0.000000,0.000325,0.000483,0.000121,0.000000,0.000260,0.000058,0.000557,0.001539,0.000107
0.421000,0.011133,0.000269,0.002037,0.000146,0.000000,0.000156,0.000090,0.000743,0.001007,0.000271,0.000000,0.000683,0.000332,0.001228,0.003911,0.000260
0.422000,0.007204,0.000165,0.001362,0.000080,0.000000,0.000088,0.000016,0.000502,0.000910,0.000176,0.000000,0.000406,0.000085,0.000846,0.002401,0.000166
0.423000,0.012443,0.000299,0.002229,0.000159,0.000000,0.000151,0.000015,0.000813,0.001723,0.000316,0.000009,0.000749,0.000132,0.001493,0.004059,0.000295
0.424000,0.006549,0.000164,0.001059,0.000069,0.000000,0.000065,0.000050,0.000453,0.000987,0.000160,0.000022,0.000380,0.000077,0.000768,0.002147,0.000148
0.425000,0.015062,0.000364,0.002796,0.000176,0.000000,0.000163,0.000076,0.000982,0.001501,0.000351,0.000013,0.000856,0.000378,0.001771,0.005281,0.000356
0.426000,0.010478,0.000223,0.001753,0.000115,0.000000,0.000127,0.000032,0.000729,0.001545,0.000260,0.000000,0.000634,0.000112,0.001253,0.003453,0.000242
0.427000,0.005894,0.000118,0.001034,0.000065,0.000000,0.000061,0.000000,0.000386,0.000960,0.000156,0.000000,0.000323,0.000005,0.000645,0.001992,0.000148
0.428000,0.012443,0.000277,0.002412,0.000146,0.000000,0.000139,0.000062,0.000837,0.001776,0.000305,0.000001,0.000726,0.000122,0.001462,0.003878,0.000300
0.429000,0.008513,0.000188,0.001624,0.000105,0.000000,0.000104,0.000000,0.000580,0.001091,0.000211,0.000000,0.000534,0.000024,0.000996,0.002857,0.000198
0.430000,0.015717,0.000355,0.002903,0.000163,0.000000,0.000186,0.000050,0.001100,0.001991,0.000358,0.000000,0.000949,0.000246,0.001856,0.005179,0.000381
0.431000,0.011788,0.000287,0.002225,0.000141,0.000000,0.000140,0.000046,0.000825,0.001497,0.000277,0.000000,0.000692,0.000096,0.001354,0.003928,0.000281
0.432000,0.016372,0.000399,0.003053,0.000189,0.000000,0.000185,0.000074,0.001160,0.001919,0.000359,0.000000,0.000886,0.000280,0.002041,0.005447,0.000381
0.433000,0.007859,0.000187,0.001370,0.000097,0.000000,0.000081,0.000015,0.000522,0.001064,0.000176,0.000000,0.000471,0.000115,0.000919,0.002663,0.000179
0.434000,0.011788,0.000280,0.002071,0.000142,0.000000,0.000120,0.000042,0.000829,0.001567,0.000297,0.000000,0.000688,0.000122,0.001351,0.004003,0.000276
0.435000,0.013098,0.000292,0.002454,0.000123,0.000000,0.000155,0.000041,0.000932,0.001848,0.000309,0.000021,0.000714,0.000186,0.001577,0.004142,0.000304
0.436000,0.010478,0.000241,0.002030,0.000135,0.000000,0.000121,0.000014,0.000659,0.001457,0.000267,0.000008,0.000597,0.000097,0.001206,0.003408,0.000240
0.437000,0.010478,0.000250,0.001859,0.000108,0.000000,0.000107,0.000107,0.000730,0.001420,0.000231,0.000017,0.000583,0.000188,0.001198,0.003440,0.000240
0.438000,0.009168,0.000208,0.001800,0.000097,0.000000,0.000107,0.000045,0.000646,0.001333,0.000220,0.000000,0.000537,0.000041,0.001092,0.002830,0.000210
0.439000,0.013098,0.000304,0.002684,0.000160,0.000000,0.000174,0.000013,0.000874,0.002044,0.000300,0.000000,0.000702,0.000028,0.001518,0.003995,0.000301
0.440000,0.006549,0.000146,0.001173,0.000071,0.000000,0.000086,0.000017,0.000413,0.001056,0.000149,0.000000,0.000381,0.000128,0.000736,0.002046,0.000148
0.441000,0.010478,0.000249,0.002035,0.000132,0.000000,0.000111,0.000073,0.000729,0.001331,0.000225,0.000000,0.000557,0.000055,0.001197,0.003548,0.000236
0.442000,0.010478,0.000241,0.001945,0.000138,0.000000,0.000136,0.000103,0.000767,0.001198,0.000229,0.000035,0.000599,0.000122,0.001230,0.003494,0.000241
0.443000,0.009823,0.000227,0.001798,0.000120,0.000000,0.000104,0.000014,0.000689,0.001466,0.000225,0.000000,0.000551,0.000126,0.001171,0.003113,0.000218
0.444000,0.011133,0.000238,0.002196,0.000134,0.000000,0.000128,0.000030,0.000733,0.001704,0.000268,0.000034,0.000626,0.000143,0.001298,0.003356,0.000245
0.445000,0.013098,0.000299,0.002344,0.000133,0.000000,0.000133,0.000025,0.000900,0.002053,0.000317,0.000020,0.000746,0.000170,0.001453,0.004216,0.000287
0.446000,0.012443,0.000279,0.002260,0.000139,0.000000,0.000150,0.000047,0.000853,0.001990,0.000303,0.000012,0.000701,0.000052,0.001399,0.003987,0.000271
0.447000,0.011133,0.000264,0.002210,0.000127,0.000000,0.000109,0.000047,0.000755,0.001338,0.000238,0.000031,0.000622,0.000213,0.001207,0.003716,0.000254
0.448000,0.011788,0.000264,0.002418,0.000138,0.000000,0.000157,0.000016,0.000770,0.001562,0.000280,0.000025,0.000646,0.000094,0.001350,0.003794,0.000273
0.449000,0.010478,0.000223,0.001858,0.000117,0.000000,0.000127,0.000000,0.000671,0.001669,0.000246,0.000052,0.000563,0.000165,0.001229,0.003324,0.000235
0.450000,0.015062,0.000364,0.002607,0.000200,0.000000,0.000166,0.000012,0.001030,0.002586,0.000319,0.000001,0.000887,0.000160,0.001568,0.004830,0.000330
0.451000,0.013752,0.000310,0.002454,0.000176,0.000000,0.000156,0.000014,0.000918,0.002236,0.000291,0.000000,0.000793,0.000157,0.001584,0.004342,0.000322
0.452000,0.005894,0.000127,0.001183,0.000073,0.000000,0.000059,0.000013,0.000408,0.000850,0.000128,0.000005,0.000336,0.000059,0.000645,0.001878,0.000131
0.453000,0.011788,0.000268,0.002250,0.000127,0.000000,0.000129,0.000062,0.000790,0.001939,0.000256,0.000000,0.000621,0.000074,0.001370,0.003638,0.000264
0.454000,0.014407,0.000303,0.002877,0.000173,0.000000,0.000166,0.000029,0.000920,0.002169,0.000311,0.000019,0.000802,0.000148,0.001512,0.004666,0.000312
0.455000,0.011788,0.000239,0.002111,0.000144,0.000000,0.000135,0.000072,0.000812,0.001723,0.000262,0.000000,0.000616,0.000267,0.001317,0.003836,0.000253
0.456000,0.011133,0.000231,0.002263,0.000126,0.000000,0.000127,0.000059,0.000712,0.001511,0.000240,0.000019,0.000651,0.000206,0.001179,0.003571,0.000237
0.457000,0.007859,0.000165,0.001486,0.000082,0.000000,0.000095,0.000012,0.000511,0.001219,0.000154,0.000000,0.000427,0.000141,0.000902,0.002490,0.000175
0.458000,0.007204,0.000162,0.001326,0.000075,0.000000,0.000081,0.000015,0.000502,0.001138,0.000136,0.000000,0.000368,0.000187,0.000799,0.002255,0.000161
0.459000,0.009168,0.000216,0.001816,0.000104,0.000000,0.000108,0.000013,0.000572,0.001488,0.000190,0.000017,0.000501,0.000066,0.001136,0.002745,0.000195
0.460000,0.009823,0.000225,0.001863,0.000088,0.000000,0.000109,0.000058,0.000667,0.001349,0.000216,0.000084,0.000566,0.000219,0.000994,0.003174,0.000210
0.461000,0.010478,0.000233,0.001897,0.000116,0.000000,0.000135,0.000056,0.000690,0.001547,0.000236,0.000000,0.000586,0.000247,0.001151,0.003358,0.000226
0.462000,0.013098,0.000284,0.002600,0.000143,0.000000,0.000153,0.000027,0.000861,0.001894,0.000267,0.000022,0.000692,0.000182,0.001424,0.004257,0.000291
0.463000,0.008513,0.000178,0.001393,0.000098,0.000000,0.000092,0.000072,0.000563,0.001214,0.000179,0.000039,0.000448,0.000216,0.000948,0.002881,0.000192
0.464000,0.009168,0.000202,0.001711,0.000106,0.000000,0.000111,0.000042,0.000628,0.001474,0.000200,0.000010,0.000504,0.000110,0.001011,0.002857,0.000201
0.465000,0.006549,0.000127,0.001281,0.000072,0.000000,0.000067,0.000043,0.000417,0.000845,0.000147,0.000048,0.000348,0.000139,0.000706,0.002165,0.000143
0.466000,0.010478,0.000233,0.001889,0.000117,0.000000,0.000099,0.000055,0.000670,0.001686,0.000252,0.000034,0.000588,0.000204,0.001130,0.003288,0.000233
0.467000,0.006549,0.000138,0.001208,0.000069,0.000000,0.000066,0.000026,0.000473,0.000854,0.000145,0.000036,0.000374,0.000115,0.000714,0.002194,0.000138
0.468000,0.013098,0.000265,0.002356,0.000146,0.000000,0.000145,0.000108,0.000879,0.001809,0.000255,0.000027,0.000729,0.000267,0.001443,0.004376,0.000291
0.469000,0.009168,0.000191,0.001698,0.000091,0.000000,0.000091,0.000062,0.000602,0.001459,0.000175,0.000029,0.000489,0.000168,0.001030,0.002891,0.000192
0.470000,0.007204,0.000138,0.001458,0.000084,0.000000,0.000078,0.000056,0.000451,0.000963,0.000141,0.000034,0.000366,0.000173,0.000771,0.002335,0.000157
0.471000,0.006549,0.000132,0.001167,0.000074,0.000000,0.000071,0.000062,0.000421,0.000909,0.000139,0.000000,0.000330,0.000121,0.000738,0.002244,0.000140
0.472000,0.004584,0.000091,0.000855,0.000038,0.000000,0.000057,0.000042,0.000292,0.000727,0.000094,0.000003,0.000273,0.000107,0.000461,0.001448,0.000096
0.473000,0.007204,0.000161,0.001404,0.000084,0.000000,0.000072,0.000042,0.000483,0.001141,0.000138,0.000000,0.000389,0.000046,0.000808,0.002279,0.000157
0.474000,0.006549,0.000140,0.001246,0.000065,0.000000,0.000074,0.000044,0.000426,0.001005,0.000113,0.000000,0.000362,0.000141,0.000740,0.002056,0.000136
0.475000,0.008513,0.000188,0.001437,0.000090,0.000000,0.000101,0.000068,0.000554,0.001173,0.000187,0.000041,0.000441,0.000236,0.000958,0.002862,0.000178
0.476000,0.006549,0.000140,0.001252,0.000071,0.000000,0.000068,0.000025,0.000433,0.001037,0.000147,0.000000,0.000348,0.000156,0.000618,0.002114,0.000138
0.477000,0.008513,0.000174,0.001658,0.000096,0.000000,0.000096,0.000026,0.000551,0.001249,0.000181,0.000026,0.000437,0.000174,0.000886,0.002785,0.000173
0.478000,0.009168,0.000205,0.001724,0.000097,0.000000,0.000087,0.000040,0.000585,0.001172,0.000186,0.000010,0.000479,0.000345,0.001009,0.003039,0.000190
0.479000,0.005894,0.000127,0.001081,0.000068,0.000000,0.000063,0.000016,0.000357,0.000866,0.000103,0.000018,0.000309,0.000195,0.000654,0.001913,0.000124
0.480000,0.005894,0.000118,0.001093,0.000049,0.000000,0.000066,0.000041,0.000364,0.000840,0.000119,0.000052,0.000336,0.000179,0.000680,0.001830,0.000128
0.481000,0.004584,0.000085,0.000810,0.000051,0.000000,0.000038,0.000027,0.000278,0.000666,0.000074,0.000000,0.000222,0.000161,0.000480,0.001592,0.000100
0.482000,0.007204,0.000146,0.001419,0.000069,0.000000,0.000075,0.000029,0.000435,0.000868,0.000151,0.000025,0.000357,0.000269,0.000779,0.002434,0.000149
0.483000,0.005894,0.000113,0.001131,0.000060,0.000000,0.000062,0.000066,0.000378,0.000738,0.000122,0.000017,0.000299,0.000176,0.000659,0.001957,0.000118
0.484000,0.005894,0.000119,0.001097,0.000064,0.000000,0.000059,0.000042,0.000353,0.000802,0.000125,0.000038,0.000297,0.000120,0.000626,0.002032,0.000121
0.485000,0.003274,0.000069,0.000675,0.000028,0.000000,0.000038,0.000000,0.000201,0.000482,0.000056,0.000000,0.000171,0.000139,0.000299,0.001045,0.000070
0.486000,0.006549,0.000139,0.001180,0.000053,0.000000,0.000070,0.000045,0.000433,0.000877,0.000137,0.000022,0.000379,0.000220,0.000689,0.002180,0.000126
0.487000,0.001310,0.000030,0.000233,0.000010,0.000000,0.000012,0.000000,0.000085,0.000165,0.000025,0.000017,0.000080,0.000046,0.000136,0.000445,0.000026
0.488000,0.002620,0.000053,0.000536,0.000025,0.000000,0.000027,0.000026,0.000159,0.000377,0.000043,0.000000,0.000151,0.000059,0.000286,0.000823,0.000054
0.489000,0.003274,0.000067,0.000615,0.000034,0.000000,0.000030,0.000026,0.000211,0.000403,0.000071,0.000000,0.000180,0.000112,0.000320,0.001135,0.000069
0.490000,0.003274,0.000067,0.000575,0.000039,0.000000,0.000029,0.000044,0.000207,0.000437,0.000064,0.000000,0.000165,0.000056,0.000341,0.001179,0.000071
0.491000,0.005894,0.000116,0.001019,0.000074,0.000000,0.000065,0.000040,0.000376,0.000840,0.000105,0.000013,0.000282,0.000223,0.000650,0.001969,0.000122
0.492000,0.001965,0.000045,0.000358,0.000016,0.000000,0.000021,0.000000,0.000114,0.000272,0.000036,0.000007,0.000106,0.000047,0.000207,0.000696,0.000039
0.493000,0.003274,0.000071,0.000573,0.000025,0.000000,0.000038,0.000014,0.000210,0.000475,0.000068,0.000018,0.000151,0.000092,0.000383,0.001089,0.000067
0.494000,0.003929,0.000084,0.000692,0.000041,0.000000,0.000036,0.000025,0.000250,0.000589,0.000085,0.000015,0.000216,0.000173,0.000404,0.001243,0.000076
0.495000,0.001965,0.000038,0.000348,0.000029,0.000000,0.000027,0.000000,0.000121,0.000296,0.000034,0.000019,0.000123,0.000020,0.000232,0.000639,0.000038
0.496000,0.001310,0.000028,0.000300,0.000014,0.000000,0.000006,0.000014,0.000092,0.000195,0.000030,0.000000,0.000068,0.000008,0.000107,0.000418,0.000029
0.497000,0.001310,0.000023,0.000265,0.000011,0.000000,0.000014,0.000000,0.000076,0.000146,0.000029,0.000000,0.000076,0.000025,0.000121,0.000497,0.000026
0.498000,0.006549,0.000127,0.001320,0.000068,0.000000,0.000066,0.000078,0.000420,0.000876,0.000128,0.000011,0.000324,0.000209,0.000717,0.002075,0.000129
0.499000,0.002620,0.000065,0.000511,0.000030,0.000000,0.000024,0.000015,0.000159,0.000307,0.000060,0.000012,0.000147,0.000134,0.000271,0.000831,0.000053
0.500000,0.002620,0.000053,0.000589,0.000029,0.000000,0.000025,0.000027,0.000142,0.000306,0.000048,0.000000,0.000133,0.000101,0.000259,0.000852,0.000057
0.501000,0.001965,0.000044,0.000416,0.000018,0.000000,0.000022,0.000012,0.000125,0.000245,0.000038,0.000022,0.000101,0.000045,0.000204,0.000635,0.000038
0.502000,0.001965,0.000037,0.000366,0.000030,0.000000,0.000023,0.000000,0.000133,0.000271,0.000026,0.000019,0.000108,0.000032,0.000208,0.000674,0.000038
0.503000,0.000655,0.000017,0.000144,0.000011,0.000000,0.000009,0.000000,0.000041,0.000063,0.000017,0.000000,0.000026,0.000031,0.000073,0.000209,0.000013
0.504000,0.002620,0.000048,0.000592,0.000025,0.000000,0.000031,0.000012,0.000147,0.000349,0.000052,0.000000,0.000141,0.000068,0.000286,0.000811,0.000055
0.505000,0.004584,0.000087,0.000907,0.000055,0.000000,0.000055,0.000036,0.000291,0.000640,0.000088,0.000000,0.000187,0.000142,0.000479,0.001520,0.000097
0.506000,0.005239,0.000105,0.001083,0.000051,0.000000,0.000063,0.000038,0.000331,0.000666,0.000102,0.000009,0.000307,0.000218,0.000494,0.001678,0.000095
0.507000,0.001965,0.000041,0.000362,0.000021,0.000000,0.000024,0.000013,0.000123,0.000273,0.000047,0.000034,0.000123,0.000058,0.000166,0.000642,0.000038
0.508000,0.001310,0.000019,0.000297,0.000011,0.000000,0.000008,0.000014,0.000080,0.000161,0.000027,0.000000,0.000064,0.000065,0.000125,0.000413,0.000026
0.509000,0.000655,0.000013,0.000142,0.000005,0.000000,0.000003,0.000012,0.000050,0.000117,0.000010,0.000000,0.000032,0.000000,0.000062,0.000196,0.000014
0.510000,0.001310,0.000026,0.000332,0.000015,0.000000,0.000016,0.000000,0.000080,0.000100,0.000024,0.000000,0.000067,0.000074,0.000122,0.000426,0.000027
0.511000,0.000000,0.000000,0.000000,0.000000,0.000000,0.000000,0.000000,0.000000,0.000000,0.000000,0.000000,0.000000,0.000000,0.000000,0.000000,0.000000
0.512000,0.000000,0.000000,0.000000,0.000000,0.000000,0.000000,0.000000,0.000000,0.000000,0.000000,0.000000,0.000000,0.000000,0.000000,0.000000,0.000000
0.513000,0.000655,0.000015,0.000131,0.000007,0.000000,0.000008,0.000000,0.000035,0.000125,0.000016,0.000000,0.000022,0.000009,0.000080,0.000194,0.000014
0.514000,0.000655,0.000014,0.000101,0.000007,0.000000,0.000008,0.000000,0.000037,0.000122,0.000015,0.000000,0.000022,0.000034,0.000055,0.000230,0.000011
0.515000,0.000000,0.000000,0.000000,0.000000,0.000000,0.000000,0.000000,0.000000,0.000000,0.000000,0.000000,0.000000,0.000000,0.000000,0.000000,0.000000
0.516000,0.000655,0.000010,0.000186,0.000004,0.000000,0.000011,0.000000,0.000032,0.000065,0.000014,0.000000,0.000035,0.000032,0.000054,0.000201,0.000011
0.517000,0.003274,0.000070,0.000659,0.000031,0.000000,0.000032,0.000014,0.000191,0.000465,0.000056,0.000020,0.000157,0.000120,0.000358,0.001039,0.000063
0.518000,0.000655,0.000011,0.000119,0.000009,0.000000,0.000003,0.000000,0.000035,0.000088,0.000013,0.000000,0.000031,0.000020,0.000071,0.000242,0.000013
0.519000,0.000655,0.000013,0.000164,0.000004,0.000000,0.000007,0.000000,0.000034,0.000064,0.000012,0.000000,0.000033,0.000011,0.000059,0.000241,0.000013
0.520000,0.001310,0.000022,0.000264,0.000012,0.000000,0.000011,0.000000,0.000077,0.000217,0.000024,0.000000,0.000053,0.000037,0.000144,0.000425,0.000024
0.521000,0.000000,0.000000,0.000000,0.000000,0.000000,0.000000,0.000000,0.000000,0.000000,0.000000,0.000000,0.000000,0.000000,0.000000,0.000000,0.000000
0.522000,0.000655,0.000013,0.000163,0.000006,0.000000,0.000003,0.000000,0.000035,0.000094,0.000012,0.000000,0.000028,0.000022,0.000068,0.000200,0.000011
0.523000,0.000655,0.000013,0.000152,0.000006,0.000000,0.000007,0.000013,0.000050,0.000074,0.000009,0.000000,0.000035,0.000008,0.000084,0.000192,0.000012
0.524000,0.000000,0.000000,0.000000,0.000000,0.000000,0.000000,0.000000,0.000000,0.000000,0.000000,0.000000,0.000000,0.000000,0.000000,0.000000,0.000000
0.525000,0.000000,0.000000,0.000000,0.000000,0.000000,0.000000,0.000000,0.000000,0.000000,0.000000,0.000000,0.000000,0.000000,0.000000,0.000000,0.000000
0.526000,0.000655,0.000012,0.000127,0.000009,0.000000,0.000007,0.000000,0.000031,0.000095,0.000014,0.000000,0.000035,0.000015,0.000061,0.000237,0.000012
0.527000,0.000000,0.000000,0.000000,0.000000,0.000000,0.000000,0.000000,0.000000,0.000000,0.000000,0.000000,0.000000,0.000000,0.000000,0.000000,0.000000
0.528000,0.000000,0.000000,0.000000,0.000000,0.000000,0.000000,0.000000,0.000000,0.000000,0.000000,0.000000,0.000000,0.000000,0.000000,0.000000,0.000000
0.529000,0.000000,0.000000,0.000000,0.000000,0.000000,0.000000,0.000000,0.000000,0.000000,0.000000,0.000000,0.000000,0.000000,0.000000,0.000000,0.000000
0.530000,0.000655,0.000016,0.000113,0.000007,0.000000,0.000006,0.000000,0.000039,0.000132,0.000014,0.000000,0.000030,0.000026,0.000062,0.000197,0.000012
0.531000,0.001310,0.000030,0.000286,0.000011,0.000000,0.000012,0.000000,0.000074,0.000221,0.000024,0.000000,0.000076,0.000042,0.000118,0.000392,0.000025
0.532000,0.000000,0.000000,0.000000,0.000000,0.000000,0.000000,0.000000,0.000000,0.000000,0.000000,0.000000,0.000000,0.000000,0.000000,0.000000,0.000000
0.533000,0.000000,0.000000,0.000000,0.000000,0.000000,0.000000,0.000000,0.000000,0.000000,0.000000,0.000000,0.000000,0.000000,0.000000,0.000000,0.000000
0.534000,0.000000,0.000000,0.000000,0.000000,0.000000,0.000000,0.000000,0.000000,0.000000,0.000000,0.000000,0.000000,0.000000,0.000000,0.000000,0.000000
0.535000,0.000000,0.000000,0.000000,0.000000,0.000000,0.000000,0.000000,0.000000,0.000000,0.000000,0.000000,0.000000,0.000000,0.000000,0.000000,0.000000
0.536000,0.000000,0.000000,0.000000,0.000000,0.000000,0.000000,0.000000,0.000000,0.000000,0.000000,0.000000,0.000000,0.000000,0.000000,0.000000,0.000000
0.537000,0.000000,0.000000,0.000000,0.000000,0.000000,0.000000,0.000000,0.000000,0.000000,0.000000,0.000000,0.000000,0.000000,0.000000,0.000000,0.000000
0.538000,0.000000,0.000000,0.000000,0.000000,0.000000,0.000000,0.000000,0.000000,0.000000,0.000000,0.000000,0.000000,0.000000,0.000000,0.000000,0.000000
0.539000,0.000000,0.000000,0.000000,0.000000,0.000000,0.000000,0.000000,0.000000,0.000000,0.000000,0.000000,0.000000,0.000000,0.000000,0.000000,0.000000
0.540000,0.000000,0.000000,0.000000,0.000000,0.000000,0.000000,0.000000,0.000000,0.000000,0.000000,0.000000,0.000000,0.000000,0.000000,0.000000,0.000000
0.541000,0.000000,0.000000,0.000000,0.000000,0.000000,0.000000,0.000000,0.000000,0.000000,0.000000,0.000000,0.000000,0.000000,0.000000,0.000000,0.000000
0.542000,0.000000,0.000000,0.000000,0.000000,0.000000,0.000000,0.000000,0.000000,0.000000,0.000000,0.000000,0.000000,0.000000,0.000000,0.000000,0.000000
0.543000,0.000000,0.000000,0.000000,0.000000,0.000000,0.000000,0.000000,0.000000,0.000000,0.000000,0.000000,0.000000,0.000000,0.000000,0.000000,0.000000
0.544000,0.000655,0.000012,0.000106,0.000009,0.000000,0.000006,0.000000,0.000039,0.000099,0.000013,0.000000,0.000038,0.000032,0.000083,0.000205,0.000014
0.545000,0.000000,0.000000,0.000000,0.000000,0.000000,0.000000,0.000000,0.000000,0.000000,0.000000,0.000000,0.000000,0.000000,0.000000,0.000000,0.000000
0.546000,0.000000,0.000000,0.000000,0.000000,0.000000,0.000000,0.000000,0.000000,0.000000,0.000000,0.000000,0.000000,0.000000,0.000000,0.000000,0.000000
0.547000,0.000000,0.000000,0.000000,0.000000,0.000000,0.000000,0.000000,0.000000,0.000000,0.000000,0.000000,0.000000,0.000000,0.000000,0.000000,0.000000
0.548000,0.000000,0.000000,0.000000,0.000000,0.000000,0.000000,0.000000,0.000000,0.000000,0.000000,0.000000,0.000000,0.000000,0.000000,0.000000,0.000000
0.549000,0.000655,0.000016,0.000148,0.000006,0.000000,0.000005,0.000000,0.000045,0.000112,0.000011,0.000000,0.000038,0.000007,0.000048,0.000206,0.000013
0.550000,0.000000,0.000000,0.000000,0.000000,0.000000,0.000000,0.000000,0.000000,0.000000,0.000000,0.000000,0.000000,0.000000,0.000000,0.000000,0.000000
0.551000,0.000000,0.000000,0.000000,0.000000,0.000000,0.000000,0.000000,0.000000,0.000000,0.000000,0.000000,0.000000,0.000000,0.000000,0.000000,0.000000
0.552000,0.000000,0.000000,0.000000,0.000000,0.000000,0.000000,0.000000,0.000000,0.000000,0.000000,0.000000,0.000000,0.000000,0.000000,0.000000,0.000000
0.553000,0.000000,0.000000,0.000000,0.000000,0.000000,0.000000,0.000000,0.000000,0.000000,0.000000,0.000000,0.000000,0.000000,0.000000,0.000000,0.000000
0.554000,0.000000,0.000000,0.000000,0.000000,0.000000,0.000000,0.000000,0.000000,0.000000,0.000000,0.000000,0.000000,0.000000,0.000000,0.000000,0.000000
0.555000,0.000000,0.000000,0.000000,0.000000,0.000000,0.000000,0.000000,0.000000,0.000000,0.000000,0.000000,0.000000,0.000000,0.000000,0.000000,0.000000
0.556000,0.000000,0.000000,0.000000,0.000000,0.000000,0.000000,0.000000,0.000000,0.000000,0.000000,0.000000,0.000000,0.000000,0.000000,0.000000,0.000000
0.557000,0.000000,0.000000,0.000000,0.000000,0.000000,0.000000,0.000000,0.000000,0.000000,0.000000,0.000000,0.000000,0.000000,0.000000,0.000000,0.000000
0.558000,0.000000,0.000000,0.000000,0.000000,0.000000,0.000000,0.000000,0.000000,0.000000,0.000000,0.000000,0.000000,0.000000,0.000000,0.000000,0.000000
0.559000,0.000000,0.000000,0.000000,0.000000,0.000000,0.000000,0.000000,0.000000,0.000000,0.000000,0.000000,0.000000,0.000000,0.000000,0.000000,0.000000
0.560000,0.000000,0.000000,0.000000,0.000000,0.000000,0.000000,0.000000,0.000000,0.000000,0.000000,0.000000,0.000000,0.000000,0.000000,0.000000,0.000000
0.561000,0.000000,0.000000,0.000000,0.000000,0.000000,0.000000,0.000000,0.000000,0.000000,0.000000,0.000000,0.000000,0.000000,0.000000,0.000000,0.000000
0.562000,0.000000,0.000000,0.000000,0.000000,0.000000,0.000000,0.000000,0.000000,0.000000,0.000000,0.000000,0.000000,0.000000,0.000000,0.000000,0.000000
0.563000,0.000000,0.000000,0.000000,0.000000,0.000000,0.000000,0.000000,0.000000,0.000000,0.000000,0.000000,0.000000,0.000000,0.000000,0.000000,0.000000
0.564000,0.000000,0.000000,0.000000,0.000000,0.000000,0.000000,0.000000,0.000000,0.000000,0.000000,0.000000,0.000000,0.000000,0.000000,0.000000,0.000000
0.565000,0.000000,0.000000,0.000000,0.000000,0.000000,0.000000,0.000000,0.000000,0.000000,0.000000,0.000000,0.000000,0.000000,0.000000,0.000000,0.000000
0.566000,0.000000,0.000000,0.000000,0.000000,0.000000,0.000000,0.000000,0.000000,0.000000,0.000000,0.000000,0.000000,0.000000,0.000000,0.000000,0.000000
0.567000,0.000000,0.000000,0.000000,0.000000,0.000000,0.000000,0.000000,0.000000,0.000000,0.000000,0.000000,0.000000,0.000000,0.000000,0.000000,0.000000
0.568000,0.000000,0.000000,0.000000,0.000000,0.000000,0.000000,0.000000,0.000000,0.000000,0.000000,0.000000,0.000000,0.000000,0.000000,0.000000,0.000000
0.569000,0.000000,0.000000,0.000000,0.000000,0.000000,0.000000,0.000000,0.000000,0.000000,0.000000,0.000000,0.000000,0.000000,0.000000,0.000000,0.000000
0.570000,0.000000,0.000000,0.000000,0.000000,0.000000,0.000000,0.000000,0.000000,0.000000,0.000000,0.000000,0.000000,0.000000,0.000000,0.000000,0.000000
0.571000,0.000000,0.000000,0.000000,0.000000,0.000000,0.000000,0.000000,0.000000,0.000000,0.000000,0.000000,0.000000,0.000000,0.000000,0.000000,0.000000
0.572000,0.000655,0.000011,0.000142,0.000004,0.000000,0.000008,0.000013,0.000039,0.000114,0.000012,0.000000,0.000026,0.000023,0.000061,0.000191,0.000011
