bin,total,Perception_CameraPerception_START=0_Perception_Fusion_START=0_SemanticExtraction_ObjectDetection_START=1_SemanticExtraction_Prediction_START=1_CollisionDetection_TimeToCollision_START=1_CollisionDetection_BrakingDecision_START=1_Braking_START=1,Perception_CameraPerception_START=0_Perception_Fusion_START=0_SemanticExtraction_ObjectDetection_START=1_SemanticExtraction_Prediction_START=1_CollisionDetection_TimeToCollision_START=1_CollisionDetection_BrakingDecision_START=1_Braking_START=2,Perception_CameraPerception_START=0_Perception_Fusion_START=0_SemanticExtraction_ObjectDetection_START=1_SemanticExtraction_Prediction_START=1_CollisionDetection_TimeToCollision_START=1_CollisionDetection_BrakingDecision_START=2_Braking_START=2,Perception_CameraPerception_START=0_Perception_Fusion_START=0_SemanticExtraction_ObjectDetection_START=1_SemanticExtraction_Prediction_START=2_CollisionDetection_TimeToCollision_START=1_CollisionDetection_BrakingDecision_START=1_Braking_START=2,Perception_CameraPerception_START=0_Perception_Fusion_START=0_SemanticExtraction_ObjectDetection_START=1_SemanticExtraction_Prediction_START=2_CollisionDetection_TimeToCollision_START=1_CollisionDetection_BrakingDecision_START=2_Braking_START=2,Perception_CameraPerception_START=0_Perception_Fusion_START=1_SemanticExtraction_ObjectDetection_START=1_SemanticExtraction_Prediction_START=1_CollisionDetection_TimeToCollision_START=1_CollisionDetection_BrakingDecision_START=1_Braking_START=1,Perception_CameraPerception_START=0_Perception_Fusion_START=1_SemanticExtraction_ObjectDetection_START=1_SemanticExtraction_Prediction_START=1_CollisionDetection_TimeToCollision_START=1_CollisionDetection_BrakingDecision_START=1_Braking_START=2,Perception_CameraPerception_START=0_Perception_Fusion_START=1_SemanticExtraction_ObjectDetection_START=1_SemanticExtraction_Prediction_START=1_CollisionDetection_TimeToCollision_START=1_CollisionDetection_BrakingDecision_START=2_Braking_START=2,Perception_CameraPerception_START=0_Perception_Fusion_START=1_SemanticExtraction_ObjectDetection_START=1_SemanticExtraction_Prediction_START=1_CollisionDetection_TimeToCollision_START=2_CollisionDetection_BrakingDecision_START=2_Braking_START=2,Perception_CameraPerception_START=0_Perception_Fusion_START=1_SemanticExtraction_ObjectDetection_START=1_SemanticExtraction_Prediction_START=2_CollisionDetection_TimeToCollision_START=1_CollisionDetection_BrakingDecision_START=1_Braking_START=1,Perception_CameraPerception_START=0_Perception_Fusion_START=1_SemanticExtraction_ObjectDetection_START=1_SemanticExtraction_Prediction_START=2_CollisionDetection_TimeToCollision_START=1_CollisionDetection_BrakingDecision_START=1_Braking_START=2,Perception_CameraPerception_START=0_Perception_Fusion_START=1_SemanticExtraction_ObjectDetection_START=1_SemanticExtraction_Prediction_START=2_CollisionDetection_TimeToCollision_START=1_CollisionDetection_BrakingDecision_START=2_Braking_START=2,Perception_CameraPerception_START=0_Perception_Fusion_START=1_SemanticExtraction_ObjectDetection_START=1_SemanticExtraction_Prediction_START=2_CollisionDetection_TimeToCollision_START=2_CollisionDetection_BrakingDecision_START=2_Braking_START=2,Perception_CameraPerception_START=0_Perception_Fusion_START=1_SemanticExtraction_ObjectDetection_START=2_SemanticExtraction_Prediction_START=2_CollisionDetection_TimeToCollision_START=1_CollisionDetection_BrakingDecision_START=1_Braking_START=1,Perception_CameraPerception_START=0_Perception_Fusion_START=1_SemanticExtraction_ObjectDetection_START=2_SemanticExtraction_Prediction_START=2_CollisionDetection_TimeToCollision_START=1_CollisionDetection_BrakingDecision_START=1_Braking_START=2,Perception_CameraPerception_START=0_Perception_Fusion_START=1_SemanticExtraction_ObjectDetection_START=2_SemanticExtraction_Prediction_START=2_CollisionDetection_TimeToCollision_START=1_CollisionDetection_BrakingDecision_START=2_Braking_START=2,Perception_CameraPerception_START=0_Perception_Fusion_START=1_SemanticExtraction_ObjectDetection_START=2_SemanticExtraction_Prediction_START=2_CollisionDetection_TimeToCollision_START=2_CollisionDetection_BrakingDecision_START=2_Braking_START=2,Perception_CameraPerception_START=0_Perception_Fusion_START=2_SemanticExtraction_ObjectDetection_START=2_SemanticExtraction_Prediction_START=2_CollisionDetection_TimeToCollision_START=1_CollisionDetection_BrakingDecision_START=1_Braking_START=1,Perception_CameraPerception_START=0_Perception_Fusion_START=2_SemanticExtraction_ObjectDetection_START=2_SemanticExtraction_Prediction_START=2_CollisionDetection_TimeToCollision_START=1_CollisionDetection_BrakingDecision_START=1_Braking_START=2,Perception_CameraPerception_START=0_Perception_Fusion_START=2_SemanticExtraction_ObjectDetection_START=2_SemanticExtraction_Prediction_START=2_CollisionDetection_TimeToCollision_START=1_CollisionDetection_BrakingDecision_START=2_Braking_START=2,Perception_CameraPerception_START=0_Perception_Fusion_START=2_SemanticExtraction_ObjectDetection_START=2_SemanticExtraction_Prediction_START=2_CollisionDetection_TimeToCollision_START=2_CollisionDetection_BrakingDecision_START=2_Braking_START=2,Perception_CameraPerception_START=0_Perception_Fusion_START=2_SemanticExtraction_ObjectDetection_START=2_SemanticExtraction_Prediction_START=3_CollisionDetection_TimeToCollision_START=1_CollisionDetection_BrakingDecision_START=1_Braking_START=1,Perception_CameraPerception_START=0_Perception_Fusion_START=2_SemanticExtraction_ObjectDetection_START=2_SemanticExtraction_Prediction_START=3_CollisionDetection_TimeToCollision_START=1_CollisionDetection_BrakingDecision_START=1_Braking_START=2,Perception_CameraPerception_START=0_Perception_Fusion_START=2_SemanticExtraction_ObjectDetection_START=2_SemanticExtraction_Prediction_START=3_CollisionDetection_TimeToCollision_START=1_CollisionDetection_BrakingDecision_START=2_Braking_START=2,Perception_CameraPerception_START=0_Perception_Fusion_START=2_SemanticExtraction_ObjectDetection_START=2_SemanticExtraction_Prediction_START=3_CollisionDetection_TimeToCollision_START=2_CollisionDetection_BrakingDecision_START=2_Braking_START=2,Perception_CameraPerception_START=1_Perception_Fusion_START=1_SemanticExtraction_ObjectDetection_START=1_SemanticExtraction_Prediction_START=1_CollisionDetection_TimeToCollision_START=1_CollisionDetection_BrakingDecision_START=1_Braking_START=1,Perception_CameraPerception_START=1_Perception_Fusion_START=1_SemanticExtraction_ObjectDetection_START=1_SemanticExtraction_Prediction_START=1_CollisionDetection_TimeToCollision_START=1_CollisionDetection_BrakingDecision_START=2_Braking_START=2,Perception_CameraPerception_START=1_Perception_Fusion_START=1_SemanticExtraction_ObjectDetection_START=1_SemanticExtraction_Prediction_START=1_CollisionDetection_TimeToCollision_START=2_CollisionDetection_BrakingDecision_START=2_Braking_START=2,Perception_CameraPerception_START=1_Perception_Fusion_START=1_SemanticExtraction_ObjectDetection_START=1_SemanticExtraction_Prediction_START=2_CollisionDetection_TimeToCollision_START=1_CollisionDetection_BrakingDecision_START=1_Braking_START=1,Perception_CameraPerception_START=1_Perception_Fusion_START=1_SemanticExtraction_ObjectDetection_START=1_SemanticExtraction_Prediction_START=2_CollisionDetection_TimeToCollision_START=1_CollisionDetection_BrakingDecision_START=1_Braking_START=2,Perception_CameraPerception_START=1_Perception_Fusion_START=1_SemanticExtraction_ObjectDetection_START=1_SemanticExtraction_Prediction_START=2_CollisionDetection_TimeToCollision_START=1_CollisionDetection_BrakingDecision_START=2_Braking_START=2,Perception_CameraPerception_START=1_Perception_Fusion_START=1_SemanticExtraction_ObjectDetection_START=1_SemanticExtraction_Prediction_START=2_CollisionDetection_TimeToCollision_START=2_CollisionDetection_BrakingDecision_START=2_Braking_START=2,Perception_CameraPerception_START=1_Perception_Fusion_START=1_SemanticExtraction_ObjectDetection_START=2_SemanticExtraction_Prediction_START=2_CollisionDetection_TimeToCollision_START=1_CollisionDetection_BrakingDecision_START=1_Braking_START=1,Perception_CameraPerception_START=1_Perception_Fusion_START=1_SemanticExtraction_ObjectDetection_START=2_SemanticExtraction_Prediction_START=2_CollisionDetection_TimeToCollision_START=1_CollisionDetection_BrakingDecision_START=2_Braking_START=2,Perception_CameraPerception_START=1_Perception_Fusion_START=1_SemanticExtraction_ObjectDetection_START=2_SemanticExtraction_Prediction_START=2_CollisionDetection_TimeToCollision_START=2_CollisionDetection_BrakingDecision_START=2_Braking_START=2,Perception_CameraPerception_START=1_Perception_Fusion_START=1_SemanticExtraction_ObjectDetection_START=2_SemanticExtraction_Prediction_START=3_CollisionDetection_TimeToCollision_START=1_CollisionDetection_BrakingDecision_START=1_Braking_START=2,Perception_CameraPerception_START=1_Perception_Fusion_START=2_SemanticExtraction_ObjectDetection_START=2_SemanticExtraction_Prediction_START=2_CollisionDetection_TimeToCollision_START=1_CollisionDetection_BrakingDecision_START=1_Braking_START=1,Perception_CameraPerception_START=1_Perception_Fusion_START=2_SemanticExtraction_ObjectDetection_START=2_SemanticExtraction_Prediction_START=2_CollisionDetection_TimeToCollision_START=1_CollisionDetection_BrakingDecision_START=2_Braking_START=2,Perception_CameraPerception_START=1_Perception_Fusion_START=2_SemanticExtraction_ObjectDetection_START=2_SemanticExtraction_Prediction_START=2_CollisionDetection_TimeToCollision_START=2_CollisionDetection_BrakingDecision_START=2_Braking_START=2,Perception_CameraPerception_START=1_Perception_Fusion_START=2_SemanticExtraction_ObjectDetection_START=2_SemanticExtraction_Prediction_START=3_CollisionDetection_TimeToCollision_START=1_CollisionDetection_BrakingDecision_START=1_Braking_START=1,Perception_CameraPerception_START=1_Perception_Fusion_START=2_SemanticExtraction_ObjectDetection_START=2_SemanticExtraction_Prediction_START=3_CollisionDetection_TimeToCollision_START=1_CollisionDetection_BrakingDecision_START=1_Braking_START=2,Perception_CameraPerception_START=1_Perception_Fusion_START=2_SemanticExtraction_ObjectDetection_START=2_SemanticExtraction_Prediction_START=3_CollisionDetection_TimeToCollision_START=1_CollisionDetection_BrakingDecision_START=2_Braking_START=2,Perception_CameraPerception_START=1_Perception_Fusion_START=2_SemanticExtraction_ObjectDetection_START=2_SemanticExtraction_Prediction_START=3_CollisionDetection_TimeToCollision_START=2_CollisionDetection_BrakingDecision_START=2_Braking_START=2
0.000000,0.587426,0.009823,0.000000,0.000000,0.000000,0.000000,0.026195,0.001310,0.000000,0.000000,0.084479,0.014407,0.142764,0.040602,0.020956,0.000655,0.038638,0.073346,0.015062,0.000655,0.003929,0.014407,0.001310,0.000655,0.003274,0.003274,0.005239,0.000655,0.000000,0.007859,0.001310,0.008513,0.011788,0.010478,0.007204,0.018991,0.000655,0.001965,0.000655,0.009823,0.001310,0.000655,0.001965,0.002620
0.001000,0.018337,0.000000,0.000000,0.000000,0.000000,0.000000,0.000000,0.000000,0.000000,0.000000,0.000000,0.000000,0.007859,0.003274,0.000000,0.000000,0.001310,0.003274,0.000000,0.000000,0.000000,0.000000,0.000000,0.000000,0.000000,0.000000,0.000000,0.000000,0.000000,0.000000,0.000000,0.000655,0.001965,0.000000,0.000000,0.000000,0.000000,0.000000,0.000000,0.000000,0.000000,0.000000,0.000000,0.000000
0.002000,0.016372,0.000000,0.000000,0.000000,0.000000,0.000000,0.000000,0.000000,0.000655,0.000000,0.001310,0.000655,0.004584,0.003929,0.000000,0.000000,0.000655,0.001965,0.000000,0.000000,0.000000,0.000655,0.000000,0.000000,0.000000,0.000000,0.000000,0.000000,0.000000,0.000000,0.000000,0.001310,0.000000,0.000000,0.000000,0.000655,0.000000,0.000000,0.000000,0.000000,0.000000,0.000000,0.000000,0.000000
0.003000,0.021611,0.000000,0.000000,0.000000,0.000000,0.000000,0.001310,0.000000,0.000000,0.000000,0.000655,0.001310,0.006549,0.007204,0.000000,0.000000,0.000655,0.001310,0.000000,0.000000,0.000000,0.000000,0.000000,0.000000,0.000000,0.000000,0.000000,0.000000,0.000000,0.000000,0.000000,0.000655,0.000655,0.000000,0.000000,0.001310,0.000000,0.000000,0.000000,0.000000,0.000000,0.000000,0.000000,0.000000
0.004000,0.017027,0.000000,0.000000,0.000000,0.000000,0.000000,0.000000,0.000000,0.000000,0.000000,0.000655,0.000655,0.005894,0.002620,0.000000,0.000000,0.001310,0.002620,0.000000,0.000000,0.000000,0.000655,0.000000,0.000000,0.000000,0.000000,0.000000,0.000000,0.000000,0.000000,0.000655,0.000000,0.001310,0.000000,0.000000,0.000655,0.000000,0.000000,0.000000,0.000000,0.000000,0.000000,0.000000,0.000000
0.005000,0.018991,0.000655,0.000000,0.000000,0.000000,0.000000,0.001310,0.000000,0.000655,0.000000,0.001310,0.000655,0.002620,0.007204,0.000000,0.000000,0.000000,0.001310,0.000000,0.000000,0.000000,0.000655,0.000000,0.000000,0.000000,0.000000,0.000000,0.000000,0.000000,0.000000,0.000000,0.000000,0.000000,0.000000,0.000000,0.001310,0.000000,0.000000,0.000000,0.000655,0.000000,0.000000,0.000000,0.000655
0.006000,0.017027,0.000000,0.000655,0.000000,0.000000,0.000000,0.000000,0.000000,0.000655,0.000000,0.001310,0.000000,0.003274,0.003274,0.000000,0.000000,0.000000,0.002620,0.000000,0.000000,0.000000,0.000655,0.000000,0.000000,0.000000,0.000000,0.000000,0.000000,0.000000,0.000000,0.000000,0.000000,0.001965,0.000000,0.000000,0.001965,0.000000,0.000000,0.000000,0.000655,0.000000,0.000000,0.000000,0.000000
0.007000,0.012443,0.000000,0.000000,0.000000,0.000000,0.000000,0.000000,0.000000,0.000655,0.000000,0.000000,0.000655,0.003274,0.003274,0.000000,0.000000,0.000000,0.001965,0.000000,0.000000,0.000000,0.000000,0.000000,0.000000,0.000000,0.000655,0.000000,0.000000,0.000000,0.000000,0.000000,0.000655,0.000655,0.000000,0.000000,0.000655,0.000000,0.000000,0.000000,0.000000,0.000000,0.000000,0.000000,0.000000
0.008000,0.010478,0.000000,0.000000,0.000000,0.000000,0.000000,0.000655,0.000655,0.001310,0.000000,0.000655,0.000000,0.002620,0.001965,0.000000,0.000000,0.000000,0.001310,0.000000,0.000000,0.000000,0.000000,0.000000,0.000000,0.000000,0.000000,0.000000,0.000000,0.000000,0.000000,0.000000,0.000000,0.000000,0.000000,0.000000,0.001310,0.000000,0.000000,0.000000,0.000000,0.000000,0.000000,0.000000,0.000000
0.009000,0.011133,0.000000,0.000000,0.000000,0.000000,0.000000,0.000655,0.000655,0.000000,0.000000,0.000000,0.000655,0.002620,0.005239,0.000000,0.000000,0.000000,0.000655,0.000000,0.000000,0.000000,0.000000,0.000000,0.000000,0.000000,0.000000,0.000000,0.000000,0.000000,0.000000,0.000000,0.000655,0.000000,0.000000,0.000000,0.000000,0.000000,0.000000,0.000000,0.000000,0.000000,0.000000,0.000000,0.000000
0.010000,0.007859,0.000000,0.000000,0.000000,0.000000,0.000000,0.000000,0.000000,0.000655,0.000000,0.001310,0.000000,0.001965,0.002620,0.000000,0.000000,0.000000,0.001310,0.000000,0.000000,0.000000,0.000000,0.000000,0.000000,0.000000,0.000000,0.000000,0.000000,0.000000,0.000000,0.000000,0.000000,0.000000,0.000000,0.000000,0.000000,0.000000,0.000000,0.000000,0.000000,0.000000,0.000000,0.000000,0.000000
0.011000,0.008513,0.000655,0.000000,0.000000,0.000000,0.000000,0.000655,0.000000,0.000000,0.000655,0.000000,0.000000,0.000655,0.005239,0.000000,0.000000,0.000000,0.000000,0.000000,0.000000,0.000000,0.000000,0.000000,0.000000,0.000000,0.000000,0.000000,0.000000,0.000000,0.000000,0.000000,0.000000,0.000000,0.000000,0.000000,0.000000,0.000000,0.000000,0.000000,0.000655,0.000000,0.000000,0.000000,0.000000
0.012000,0.011133,0.000000,0.000000,0.000655,0.000000,0.000000,0.000000,0.000000,0.000000,0.000000,0.001310,0.000000,0.002620,0.003274,0.000000,0.000000,0.000000,0.002620,0.000000,0.000000,0.000000,0.000000,0.000000,0.000000,0.000000,0.000000,0.000000,0.000000,0.000000,0.000000,0.000000,0.000000,0.000655,0.000000,0.000000,0.000000,0.000000,0.000000,0.000000,0.000000,0.000000,0.000000,0.000000,0.000000
0.013000,0.011788,0.000000,0.000000,0.000000,0.000655,0.000000,0.000000,0.000000,0.000000,0.000000,0.000000,0.000655,0.003274,0.003274,0.000000,0.000000,0.000000,0.001310,0.000000,0.000000,0.000000,0.000000,0.000000,0.000000,0.000000,0.000000,0.000000,0.000000,0.000000,0.000000,0.000000,0.000000,0.001965,0.000000,0.000000,0.000000,0.000000,0.000000,0.000000,0.000655,0.000000,0.000000,0.000000,0.000000
0.014000,0.016372,0.000655,0.000000,0.000000,0.000000,0.000000,0.000655,0.000000,0.000000,0.000000,0.000655,0.000000,0.004584,0.005894,0.000000,0.000000,0.000000,0.002620,0.000000,0.000000,0.000000,0.000000,0.000000,0.000000,0.000000,0.000000,0.000000,0.000000,0.000000,0.000000,0.000000,0.001310,0.000000,0.000000,0.000000,0.000000,0.000000,0.000000,0.000000,0.000000,0.000000,0.000000,0.000000,0.000000
0.015000,0.014407,0.000000,0.000000,0.000000,0.000000,0.000000,0.000000,0.000000,0.000000,0.000000,0.000655,0.000000,0.002620,0.003929,0.000000,0.000000,0.000000,0.001965,0.000000,0.000000,0.000000,0.000000,0.000000,0.000000,0.000000,0.000000,0.000000,0.000000,0.000000,0.000000,0.000000,0.001310,0.000655,0.000000,0.000000,0.003274,0.000000,0.000000,0.000000,0.000000,0.000000,0.000000,0.000000,0.000000
0.016000,0.009823,0.000000,0.000000,0.000000,0.000000,0.000000,0.000655,0.000000,0.001310,0.000000,0.000655,0.000000,0.001310,0.003274,0.000000,0.000000,0.000000,0.001310,0.000000,0.000000,0.000000,0.000000,0.000000,0.000000,0.000000,0.000000,0.000000,0.000000,0.000000,0.000000,0.000000,0.000655,0.000000,0.000000,0.000000,0.000655,0.000000,0.000000,0.000000,0.000000,0.000000,0.000000,0.000000,0.000000
0.017000,0.013752,0.000000,0.000000,0.000000,0.000000,0.000000,0.000000,0.000000,0.000000,0.000000,0.000000,0.000655,0.003274,0.006549,0.000000,0.000000,0.000000,0.001310,0.000000,0.000000,0.000000,0.000000,0.000000,0.000000,0.000000,0.000000,0.000000,0.000655,0.000000,0.000000,0.000000,0.000655,0.000000,0.000000,0.000000,0.000000,0.000000,0.000000,0.000000,0.000655,0.000000,0.000000,0.000000,0.000000
0.018000,0.011788,0.000000,0.000000,0.000000,0.000000,0.000000,0.000655,0.000000,0.000000,0.000000,0.000000,0.000000,0.002620,0.005239,0.000000,0.000000,0.000000,0.001310,0.000000,0.000000,0.000000,0.000000,0.000000,0.000000,0.000000,0.000000,0.000000,0.000000,0.000000,0.000000,0.000000,0.000655,0.000000,0.000000,0.000000,0.001310,0.000000,0.000000,0.000000,0.000000,0.000000,0.000000,0.000000,0.000000
0.019000,0.015717,0.000000,0.000000,0.000000,0.000000,0.000000,0.000655,0.000000,0.000655,0.000000,0.000000,0.000000,0.003929,0.007859,0.000000,0.000000,0.000000,0.000000,0.000000,0.000000,0.000000,0.000000,0.000000,0.000000,0.000000,0.000655,0.000000,0.000000,0.000655,0.000000,0.000000,0.000655,0.000655,0.000000,0.000000,0.000000,0.000000,0.000000,0.000000,0.000000,0.000000,0.000000,0.000000,0.000000
0.020000,0.008513,0.000000,0.000000,0.000000,0.000000,0.000000,0.000000,0.000000,0.000655,0.000000,0.000000,0.000655,0.000655,0.004584,0.000000,0.000000,0.000000,0.000655,0.000000,0.000000,0.000000,0.000655,0.000000,0.000000,0.000000,0.000000,0.000000,0.000000,0.000000,0.000000,0.000000,0.000000,0.000000,0.000000,0.000000,0.000000,0.000000,0.000000,0.000000,0.000000,0.000000,0.000000,0.000000,0.000655
0.021000,0.011788,0.000000,0.000000,0.000000,0.000000,0.000000,0.000000,0.000000,0.000000,0.000000,0.000000,0.000000,0.000655,0.007204,0.000000,0.000000,0.000000,0.002620,0.000000,0.000000,0.000000,0.000000,0.000000,0.000000,0.000000,0.000000,0.000000,0.000000,0.000000,0.000000,0.000000,0.000000,0.001310,0.000000,0.000000,0.000000,0.000000,0.000000,0.000000,0.000000,0.000000,0.000000,0.000000,0.000000
0.022000,0.017682,0.000000,0.000000,0.001310,0.000000,0.000000,0.000655,0.000000,0.000655,0.000000,0.000000,0.000000,0.005239,0.005894,0.000000,0.000000,0.000000,0.000655,0.000000,0.000000,0.000000,0.000000,0.000000,0.000000,0.000000,0.000000,0.000000,0.000000,0.000000,0.000000,0.000000,0.000000,0.002620,0.000000,0.000000,0.000655,0.000000,0.000000,0.000000,0.000000,0.000000,0.000000,0.000000,0.000000
0.023000,0.009823,0.000655,0.000000,0.000000,0.000000,0.000000,0.000000,0.000000,0.000000,0.000000,0.000000,0.000000,0.001310,0.005894,0.000000,0.000000,0.000000,0.000000,0.000000,0.000000,0.000000,0.000000,0.000000,0.000000,0.000000,0.000000,0.000000,0.000000,0.000655,0.000000,0.000000,0.000000,0.000655,0.000000,0.000000,0.000655,0.000000,0.000000,0.000000,0.000000,0.000000,0.000000,0.000000,0.000000
0.024000,0.017027,0.000000,0.000000,0.000655,0.000000,0.000655,0.000000,0.000000,0.000655,0.000000,0.000655,0.000000,0.002620,0.005239,0.000000,0.000000,0.000000,0.001965,0.000000,0.000000,0.000000,0.000000,0.000000,0.000000,0.000000,0.000000,0.000000,0.000000,0.000000,0.000000,0.000000,0.000655,0.000655,0.000000,0.000000,0.001965,0.000000,0.000000,0.000000,0.001310,0.000000,0.000000,0.000000,0.000000
0.025000,0.009168,0.000000,0.000000,0.000000,0.000000,0.000000,0.001310,0.000000,0.000000,0.000000,0.000000,0.000000,0.001310,0.003274,0.000000,0.000000,0.000000,0.001965,0.000000,0.000000,0.000000,0.000000,0.000000,0.000000,0.000000,0.000000,0.000000,0.000000,0.000655,0.000000,0.000000,0.000000,0.000655,0.000000,0.000000,0.000000,0.000000,0.000000,0.000000,0.000000,0.000000,0.000000,0.000000,0.000000
0.026000,0.007204,0.000000,0.000000,0.000000,0.000000,0.000000,0.000000,0.000000,0.000655,0.000000,0.000000,0.000655,0.002620,0.001310,0.000000,0.000000,0.000000,0.001965,0.000000,0.000000,0.000000,0.000000,0.000000,0.000000,0.000000,0.000000,0.000000,0.000000,0.000000,0.000000,0.000000,0.000000,0.000000,0.000000,0.000000,0.000000,0.000000,0.000000,0.000000,0.000000,0.000000,0.000000,0.000000,0.000000
0.027000,0.013098,0.000655,0.000000,0.000000,0.000000,0.000000,0.000655,0.000000,0.000655,0.000000,0.000000,0.000000,0.000655,0.007859,0.000000,0.000000,0.000000,0.000655,0.000000,0.000000,0.000000,0.000000,0.000000,0.000000,0.000000,0.000000,0.000000,0.000000,0.000000,0.000000,0.000000,0.000000,0.001310,0.000000,0.000000,0.000655,0.000000,0.000000,0.000000,0.000000,0.000000,0.000000,0.000000,0.000000
0.028000,0.009168,0.000000,0.000000,0.000000,0.000000,0.000000,0.000000,0.000000,0.000000,0.000655,0.000000,0.000000,0.000655,0.005239,0.000000,0.000000,0.000655,0.000655,0.000000,0.000000,0.000000,0.000000,0.000000,0.000000,0.000000,0.000000,0.000000,0.000000,0.000000,0.000000,0.000000,0.000000,0.000655,0.000000,0.000000,0.000655,0.000000,0.000000,0.000000,0.000000,0.000000,0.000000,0.000000,0.000000
0.029000,0.005894,0.000000,0.000000,0.001310,0.000000,0.000000,0.000000,0.000000,0.000000,0.000000,0.000000,0.000000,0.000000,0.003929,0.000000,0.000000,0.000000,0.000000,0.000000,0.000000,0.000000,0.000000,0.000000,0.000000,0.000000,0.000000,0.000000,0.000000,0.000000,0.000000,0.000000,0.000000,0.000000,0.000000,0.000000,0.000000,0.000000,0.000000,0.000000,0.000655,0.000000,0.000000,0.000000,0.000000
0.030000,0.010478,0.000000,0.000000,0.000000,0.000000,0.000000,0.000000,0.000000,0.001310,0.000000,0.000000,0.000655,0.001310,0.003929,0.000000,0.000000,0.000000,0.000655,0.000000,0.000000,0.000000,0.000000,0.000000,0.000000,0.000000,0.000000,0.000000,0.000000,0.000000,0.000000,0.000000,0.000000,0.001310,0.000000,0.000000,0.001310,0.000000,0.000000,0.000000,0.000000,0.000000,0.000000,0.000000,0.000000
0.031000,0.003929,0.000000,0.000000,0.000000,0.000000,0.000000,0.000000,0.000000,0.000000,0.000655,0.000000,0.000000,0.001310,0.000655,0.000000,0.000000,0.000000,0.001310,0.000000,0.000000,0.000000,0.000000,0.000000,0.000000,0.000000,0.000000,0.000000,0.000000,0.000000,0.000000,0.000000,0.000000,0.000000,0.000000,0.000000,0.000000,0.000000,0.000000,0.000000,0.000000,0.000000,0.000000,0.000000,0.000000
0.032000,0.003274,0.000000,0.000000,0.000000,0.000000,0.000000,0.000000,0.000000,0.000000,0.000000,0.000000,0.000000,0.001310,0.001965,0.000000,0.000000,0.000000,0.000000,0.000000,0.000000,0.000000,0.000000,0.000000,0.000000,0.000000,0.000000,0.000000,0.000000,0.000000,0.000000,0.000000,0.000000,0.000000,0.000000,0.000000,0.000000,0.000000,0.000000,0.000000,0.000000,0.000000,0.000000,0.000000,0.000000
0.033000,0.008513,0.000000,0.000000,0.000000,0.000000,0.000000,0.000000,0.000000,0.000655,0.000655,0.000000,0.000655,0.002620,0.003274,0.000000,0.000000,0.000000,0.000000,0.000000,0.000000,0.000000,0.000000,0.000000,0.000000,0.000000,0.000000,0.000000,0.000000,0.000000,0.000000,0.000000,0.000000,0.000655,0.000000,0.000000,0.000000,0.000000,0.000000,0.000000,0.000000,0.000000,0.000000,0.000000,0.000000
0.034000,0.002620,0.000000,0.000000,0.000000,0.000000,0.000000,0.000000,0.000000,0.000000,0.000000,0.000000,0.000000,0.000000,0.001310,0.000000,0.000000,0.000000,0.000000,0.000000,0.000000,0.000000,0.000000,0.000000,0.000000,0.000000,0.000000,0.000000,0.000000,0.000655,0.000000,0.000000,0.000655,0.000000,0.000000,0.000000,0.000000,0.000000,0.000000,0.000000,0.000000,0.000000,0.000000,0.000000,0.000000
0.035000,0.002620,0.000000,0.000000,0.000000,0.000000,0.000000,0.000000,0.000000,0.000655,0.000000,0.000000,0.000000,0.000000,0.001310,0.000000,0.000000,0.000000,0.000000,0.000000,0.000000,0.000000,0.000000,0.000000,0.000000,0.000000,0.000000,0.000000,0.000000,0.000000,0.000000,0.000000,0.000000,0.000000,0.000000,0.000000,0.000655,0.000000,0.000000,0.000000,0.000000,0.000000,0.000000,0.000000,0.000000
0.036000,0.001965,0.000000,0.000000,0.000000,0.000000,0.000000,0.000000,0.000000,0.000000,0.000000,0.000000,0.000655,0.000000,0.000000,0.000000,0.000000,0.000000,0.000000,0.000000,0.000000,0.000000,0.000000,0.000000,0.000000,0.000000,0.000000,0.000000,0.000000,0.000000,0.000000,0.000000,0.000000,0.000000,0.000000,0.000000,0.001310,0.000000,0.000000,0.000000,0.000000,0.000000,0.000000,0.000000,0.000000
0.037000,0.001965,0.000000,0.000000,0.000000,0.000000,0.000000,0.000000,0.000000,0.000000,0.000655,0.000000,0.000000,0.000000,0.001310,0.000000,0.000000,0.000000,0.000000,0.000000,0.000000,0.000000,0.000000,0.000000,0.000000,0.000000,0.000000,0.000000,0.000000,0.000000,0.000000,0.000000,0.000000,0.000000,0.000000,0.000000,0.000000,0.000000,0.000000,0.000000,0.000000,0.000000,0.000000,0.000000,0.000000
0.038000,0.000655,0.000000,0.000000,0.000000,0.000000,0.000000,0.000000,0.000000,0.000000,0.000000,0.000000,0.000000,0.000000,0.000655,0.000000,0.000000,0.000000,0.000000,0.000000,0.000000,0.000000,0.000000,0.000000,0.000000,0.000000,0.000000,0.000000,0.000000,0.000000,0.000000,0.000000,0.000000,0.000000,0.000000,0.000000,0.000000,0.000000,0.000000,0.000000,0.000000,0.000000,0.000000,0.000000,0.000000
0.041000,0.001965,0.000000,0.000000,0.000000,0.000000,0.000000,0.000000,0.000000,0.000000,0.000000,0.000000,0.000000,0.000655,0.000655,0.000000,0.000000,0.000000,0.000000,0.000000,0.000000,0.000000,0.000000,0.000000,0.000000,0.000000,0.000000,0.000000,0.000000,0.000000,0.000000,0.000000,0.000655,0.000000,0.000000,0.000000,0.000000,0.000000,0.000000,0.000000,0.000000,0.000000,0.000000,0.000000,0.000000
0.044000,0.000655,0.000000,0.000000,0.000000,0.000000,0.000000,0.000000,0.000000,0.000000,0.000000,0.000000,0.000000,0.000000,0.000655,0.000000,0.000000,0.000000,0.000000,0.000000,0.000000,0.000000,0.000000,0.000000,0.000000,0.000000,0.000000,0.000000,0.000000,0.000000,0.000000,0.000000,0.000000,0.000000,0.000000,0.000000,0.000000,0.000000,0.000000,0.000000,0.000000,0.000000,0.000000,0.000000,0.000000
