SemanticExtraction_SignInterpretation_SPAWN->SemanticExtraction_SignInterpretation_START,SemanticExtraction_SignInterpretation_SPAWN->SemanticExtraction_SignInterpretation_START
0.000000,0.000000
0.024559,0.024559
0.008692,0.008692
0.025535,0.025535
0.000000,0.000000
0.000000,0.000000
0.000000,0.000000
0.000000,0.000000
0.000000,0.000000
0.017666,0.017666
0.012415,0.012415
0.020656,0.020656
0.055949,0.055949
0.000000,0.000000
0.070146,0.070146
0.000000,0.000000
0.001243,0.001243
0.010257,0.010257
0.000000,0.000000
0.000000,0.000000
0.001926,0.001926
0.000000,0.000000
0.000000,0.000000
0.000000,0.000000
0.016887,0.016887
0.000000,0.000000
0.007314,0.007314
0.041846,0.041846
0.000000,0.000000
0.002004,0.002004
0.000000,0.000000
0.000000,0.000000
0.068931,0.068931
0.012994,0.012994
0.019746,0.019746
0.016569,0.016569
0.000000,0.000000
0.000000,0.000000
0.059161,0.059161
0.000000,0.000000
0.000000,0.000000
0.012254,0.012254
0.000000,0.000000
0.000231,0.000231
0.015010,0.015010
0.039806,0.039806
0.000000,0.000000
0.000000,0.000000
0.000000,0.000000
0.039005,0.039005
0.000000,0.000000
0.000000,0.000000
0.004036,0.004036
0.006087,0.006087
0.000000,0.000000
0.052443,0.052443
0.000000,0.000000
0.000000,0.000000
0.000000,0.000000
0.012977,0.012977
0.000000,0.000000
0.013647,0.013647
0.007804,0.007804
0.000000,0.000000
0.006570,0.006570
0.000000,0.000000
0.000000,0.000000
0.000000,0.000000
0.000000,0.000000
0.004640,0.004640
0.011970,0.011970
0.000000,0.000000
0.000000,0.000000
0.000000,0.000000
0.004814,0.004814
0.016586,0.016586
0.040028,0.040028
0.000000,0.000000
0.001950,0.001950
0.000000,0.000000
0.019440,0.019440
0.000000,0.000000
0.023149,0.023149
0.000000,0.000000
0.007132,0.007132
0.015535,0.015535
0.008037,0.008037
0.009749,0.009749
0.001625,0.001625
0.000000,0.000000
0.018105,0.018105
0.000000,0.000000
0.000000,0.000000
0.000000,0.000000
0.074614,0.074614
0.000000,0.000000
0.007710,0.007710
0.001878,0.001878
0.000000,0.000000
0.000000,0.000000
0.000000,0.000000
0.000000,0.000000
0.078800,0.078800
0.000000,0.000000
0.000185,0.000185
0.000000,0.000000
0.000000,0.000000
0.000000,0.000000
0.000000,0.000000
0.010752,0.010752
0.003812,0.003812
0.018477,0.018477
0.016561,0.016561
0.016491,0.016491
0.024500,0.024500
0.000000,0.000000
0.002628,0.002628
0.000000,0.000000
0.010584,0.010584
0.000000,0.000000
0.012935,0.012935
0.003609,0.003609
0.000000,0.000000
0.000000,0.000000
0.000000,0.000000
0.000000,0.000000
0.059544,0.059544
0.076183,0.076183
0.000000,0.000000
0.000000,0.000000
0.000000,0.000000
0.000000,0.000000
0.000000,0.000000
0.061324,0.061324
0.000000,0.000000
0.031632,0.031632
0.010667,0.010667
0.007655,0.007655
0.000000,0.000000
0.000000,0.000000
0.038609,0.038609
0.017579,0.017579
0.000000,0.000000
0.000000,0.000000
0.000000,0.000000
0.025104,0.025104
0.000000,0.000000
0.000000,0.000000
0.000000,0.000000
0.004612,0.004612
0.009589,0.009589
0.000000,0.000000
0.040543,0.040543
0.078400,0.078400
0.015813,0.015813
0.000000,0.000000
0.000000,0.000000
0.000000,0.000000
0.088862,0.088862
0.015960,0.015960
0.008883,0.008883
0.000000,0.000000
0.021290,0.021290
0.000000,0.000000
0.031196,0.031196
0.013344,0.013344
0.000000,0.000000
0.000000,0.000000
0.000000,0.000000
0.000000,0.000000
0.000000,0.000000
0.015870,0.015870
0.015004,0.015004
0.017383,0.017383
0.000000,0.000000
0.074232,0.074232
0.000000,0.000000
0.034065,0.034065
0.040839,0.040839
0.106160,0.106160
0.020036,0.020036
0.020285,0.020285
0.000000,0.000000
0.011716,0.011716
0.021041,0.021041
0.000000,0.000000
0.012735,0.012735
0.000000,0.000000
0.041631,0.041631
0.031905,0.031905
0.055117,0.055117
0.047184,0.047184
0.024682,0.024682
0.019204,0.019204
0.016790,0.016790
0.005112,0.005112
0.000000,0.000000
0.000000,0.000000
0.036140,0.036140
0.010180,0.010180
0.048709,0.048709
0.050851,0.050851
0.000000,0.000000
0.025571,0.025571
0.028149,0.028149
0.000000,0.000000
0.051518,0.051518
0.000000,0.000000
0.030755,0.030755
0.043016,0.043016
0.000000,0.000000
0.045594,0.045594
0.010956,0.010956
0.007850,0.007850
0.102924,0.102924
0.008744,0.008744
0.005867,0.005867
0.026277,0.026277
0.018923,0.018923
0.048462,0.048462
0.000000,0.000000
0.046140,0.046140
0.046573,0.046573
0.038885,0.038885
0.022610,0.022610
0.037889,0.037889
0.000000,0.000000
0.008857,0.008857
0.028012,0.028012
0.023257,0.023257
0.004642,0.004642
0.035760,0.035760
0.014179,0.014179
0.019324,0.019324
0.000000,0.000000
0.052148,0.052148
0.016075,0.016075
0.000000,0.000000
0.009721,0.009721
0.044706,0.044706
0.000000,0.000000
0.012794,0.012794
0.024330,0.024330
0.000000,0.000000
0.041920,0.041920
0.051077,0.051077
0.002893,0.002893
0.019794,0.019794
0.020815,0.020815
0.044397,0.044397
0.000000,0.000000
0.013327,0.013327
0.034065,0.034065
0.060431,0.060431
0.044617,0.044617
0.012972,0.012972
0.026680,0.026680
0.034974,0.034974
0.038238,0.038238
0.016185,0.016185
0.011138,0.011138
0.006507,0.006507
0.000000,0.000000
0.003880,0.003880
0.007617,0.007617
0.016565,0.016565
0.000000,0.000000
0.025843,0.025843
0.048112,0.048112
0.016915,0.016915
0.001700,0.001700
0.000000,0.000000
0.045394,0.045394
0.000000,0.000000
0.029452,0.029452
0.012978,0.012978
0.000000,0.000000
0.027073,0.027073
0.046461,0.046461
0.045446,0.045446
0.031604,0.031604
0.014608,0.014608
0.021254,0.021254
0.040293,0.040293
0.020401,0.020401
0.034401,0.034401
0.009155,0.009155
0.035175,0.035175
0.028407,0.028407
0.023994,0.023994
0.018986,0.018986
0.021468,0.021468
0.000000,0.000000
0.000000,0.000000
0.000000,0.000000
0.005337,0.005337
0.016550,0.016550
0.020032,0.020032
0.000000,0.000000
0.004692,0.004692
0.041247,0.041247
0.024210,0.024210
0.010226,0.010226
0.052828,0.052828
0.028572,0.028572
0.051434,0.051434
0.025178,0.025178
0.000000,0.000000
0.001220,0.001220
0.055053,0.055053
0.031481,0.031481
0.039237,0.039237
0.005652,0.005652
0.025139,0.025139
0.042382,0.042382
0.012659,0.012659
0.021304,0.021304
0.012815,0.012815
0.018291,0.018291
0.002480,0.002480
0.037203,0.037203
0.000000,0.000000
0.024430,0.024430
0.002046,0.002046
0.000000,0.000000
0.019953,0.019953
0.031500,0.031500
0.000000,0.000000
0.005015,0.005015
0.045640,0.045640
0.012370,0.012370
0.036440,0.036440
0.000000,0.000000
0.000000,0.000000
0.038576,0.038576
0.038142,0.038142
0.025220,0.025220
0.027623,0.027623
0.049105,0.049105
0.009329,0.009329
0.012100,0.012100
0.000000,0.000000
0.000000,0.000000
0.000016,0.000016
0.018345,0.018345
0.008204,0.008204
0.000000,0.000000
0.000000,0.000000
0.080366,0.080366
0.047654,0.047654
0.024512,0.024512
0.008311,0.008311
0.000000,0.000000
0.004835,0.004835
0.000000,0.000000
0.026681,0.026681
0.014153,0.014153
0.000000,0.000000
0.001593,0.001593
0.005837,0.005837
0.000000,0.000000
0.063033,0.063033
0.008873,0.008873
0.000000,0.000000
0.000000,0.000000
0.011747,0.011747
0.003846,0.003846
0.000000,0.000000
0.000000,0.000000
0.001792,0.001792
0.056906,0.056906
0.013154,0.013154
0.046912,0.046912
0.089878,0.089878
0.076571,0.076571
0.029626,0.029626
0.017312,0.017312
0.001528,0.001528
0.000000,0.000000
0.047451,0.047451
0.000000,0.000000
0.000000,0.000000
0.026148,0.026148
0.000000,0.000000
0.025843,0.025843
0.000000,0.000000
0.000000,0.000000
0.000000,0.000000
0.006229,0.006229
0.000000,0.000000
0.000000,0.000000
0.034774,0.034774
0.004785,0.004785
0.000000,0.000000
0.006201,0.006201
0.000000,0.000000
0.019722,0.019722
0.015024,0.015024
0.000000,0.000000
0.010510,0.010510
0.000000,0.000000
0.021593,0.021593
0.000000,0.000000
0.000000,0.000000
0.000000,0.000000
0.009675,0.009675
0.023693,0.023693
0.000000,0.000000
0.071834,0.071834
0.004467,0.004467
0.000000,0.000000
0.008407,0.008407
0.000000,0.000000
0.010403,0.010403
0.005460,0.005460
0.013099,0.013099
0.022674,0.022674
0.000000,0.000000
0.003336,0.003336
0.000000,0.000000
0.004897,0.004897
0.059181,0.059181
0.017304,0.017304
0.000000,0.000000
0.076130,0.076130
0.011870,0.011870
0.000000,0.000000
0.000000,0.000000
0.010275,0.010275
0.000000,0.000000
0.000000,0.000000
0.017243,0.017243
0.000000,0.000000
0.079797,0.079797
0.058293,0.058293
0.010287,0.010287
0.019555,0.019555
0.000000,0.000000
0.005384,0.005384
0.073402,0.073402
0.000000,0.000000
0.023108,0.023108
0.000000,0.000000
0.028033,0.028033
0.023751,0.023751
0.000000,0.000000
0.000000,0.000000
0.004527,0.004527
0.000000,0.000000
0.000000,0.000000
0.000000,0.000000
0.064457,0.064457
0.000000,0.000000
0.000000,0.000000
0.000000,0.000000
0.000000,0.000000
0.011977,0.011977
0.009466,0.009466
0.008183,0.008183
0.021098,0.021098
0.000000,0.000000
0.012215,0.012215
0.022346,0.022346
0.000000,0.000000
0.000000,0.000000
0.000000,0.000000
0.000000,0.000000
0.000000,0.000000
0.024030,0.024030
0.005393,0.005393
0.000000,0.000000
0.064013,0.064013
0.000000,0.000000
0.000592,0.000592
0.044593,0.044593
0.017150,0.017150
0.012742,0.012742
0.026196,0.026196
0.000154,0.000154
0.065199,0.065199
0.000000,0.000000
0.000000,0.000000
0.000000,0.000000
0.046639,0.046639
0.000000,0.000000
0.000000,0.000000
0.061502,0.061502
0.007867,0.007867
0.000000,0.000000
0.000000,0.000000
0.001082,0.001082
0.069200,0.069200
0.000000,0.000000
0.005292,0.005292
0.000000,0.000000
0.035010,0.035010
0.009424,0.009424
0.000000,0.000000
0.000000,0.000000
0.029063,0.029063
0.000000,0.000000
0.006131,0.006131
0.002959,0.002959
0.015609,0.015609
0.000000,0.000000
0.000000,0.000000
0.015948,0.015948
0.031973,0.031973
0.000000,0.000000
0.001176,0.001176
0.000000,0.000000
0.000000,0.000000
0.000000,0.000000
0.000000,0.000000
0.006016,0.006016
0.068687,0.068687
0.004824,0.004824
0.015586,0.015586
0.000000,0.000000
0.054055,0.054055
0.000000,0.000000
0.089152,0.089152
0.064530,0.064530
0.000000,0.000000
0.000322,0.000322
0.000000,0.000000
0.036060,0.036060
0.055857,0.055857
0.057427,0.057427
0.008649,0.008649
0.000000,0.000000
0.062459,0.062459
0.010101,0.010101
0.000000,0.000000
0.016542,0.016542
0.000000,0.000000
0.008897,0.008897
0.000000,0.000000
0.000000,0.000000
0.000000,0.000000
0.039710,0.039710
0.000000,0.000000
0.000000,0.000000
0.030880,0.030880
0.033412,0.033412
0.016321,0.016321
0.000000,0.000000
0.016905,0.016905
0.015940,0.015940
0.058819,0.058819
0.003987,0.003987
0.000000,0.000000
0.012377,0.012377
0.072562,0.072562
0.000000,0.000000
0.000000,0.000000
0.055281,0.055281
0.071411,0.071411
0.004327,0.004327
0.085242,0.085242
0.000000,0.000000
0.069127,0.069127
0.001595,0.001595
0.017106,0.017106
0.022123,0.022123
0.007804,0.007804
0.005549,0.005549
0.006722,0.006722
0.002404,0.002404
0.046864,0.046864
0.000000,0.000000
0.000271,0.000271
0.068858,0.068858
0.000000,0.000000
0.000000,0.000000
0.049143,0.049143
0.040456,0.040456
0.012733,0.012733
0.040770,0.040770
0.085706,0.085706
0.072576,0.072576
0.079628,0.079628
0.004105,0.004105
0.009953,0.009953
0.042062,0.042062
0.087809,0.087809
0.018783,0.018783
0.076166,0.076166
0.031621,0.031621
0.000000,0.000000
0.060253,0.060253
0.004836,0.004836
0.000000,0.000000
0.000000,0.000000
0.060695,0.060695
0.015230,0.015230
0.000000,0.000000
0.009407,0.009407
0.061819,0.061819
0.000059,0.000059
0.087593,0.087593
0.053987,0.053987
0.046093,0.046093
0.055151,0.055151
0.064076,0.064076
0.000000,0.000000
0.000000,0.000000
0.014826,0.014826
0.052438,0.052438
0.017114,0.017114
0.028297,0.028297
0.070486,0.070486
0.024494,0.024494
0.000050,0.000050
0.038406,0.038406
0.039931,0.039931
0.034836,0.034836
0.071021,0.071021
0.015727,0.015727
0.004223,0.004223
0.063469,0.063469
0.023772,0.023772
0.067232,0.067232
0.001508,0.001508
0.054958,0.054958
0.040320,0.040320
0.013529,0.013529
0.029629,0.029629
0.064834,0.064834
0.065299,0.065299
0.068554,0.068554
0.066867,0.066867
0.025583,0.025583
0.052289,0.052289
0.000000,0.000000
0.051851,0.051851
0.032681,0.032681
0.015750,0.015750
0.000000,0.000000
0.072126,0.072126
0.055931,0.055931
0.009124,0.009124
0.000000,0.000000
0.022088,0.022088
0.052944,0.052944
0.000000,0.000000
0.000447,0.000447
0.048544,0.048544
0.014692,0.014692
0.042064,0.042064
0.081259,0.081259
0.026573,0.026573
0.000000,0.000000
0.006655,0.006655
0.000000,0.000000
0.057936,0.057936
0.016145,0.016145
0.000000,0.000000
0.087582,0.087582
0.019930,0.019930
0.008790,0.008790
0.000000,0.000000
0.045964,0.045964
0.000671,0.000671
0.000000,0.000000
0.007054,0.007054
0.016625,0.016625
0.061603,0.061603
0.000000,0.000000
0.023243,0.023243
0.000000,0.000000
0.031376,0.031376
0.064333,0.064333
0.045269,0.045269
0.017671,0.017671
0.046303,0.046303
0.000000,0.000000
0.066673,0.066673
0.013803,0.013803
0.000000,0.000000
0.000000,0.000000
0.054542,0.054542
0.000000,0.000000
0.000000,0.000000
0.041377,0.041377
0.001305,0.001305
0.000000,0.000000
0.000000,0.000000
0.044108,0.044108
0.023933,0.023933
0.019332,0.019332
0.000000,0.000000
0.000000,0.000000
0.000000,0.000000
0.000000,0.000000
0.000421,0.000421
0.002543,0.002543
0.010116,0.010116
0.000000,0.000000
0.000000,0.000000
0.000000,0.000000
0.010250,0.010250
0.069265,0.069265
0.021044,0.021044
0.000000,0.000000
0.000000,0.000000
0.000000,0.000000
0.021440,0.021440
0.016785,0.016785
0.000000,0.000000
0.026965,0.026965
0.027965,0.027965
0.000000,0.000000
0.009524,0.009524
0.025373,0.025373
0.006429,0.006429
0.011264,0.011264
0.014426,0.014426
0.066759,0.066759
0.000000,0.000000
0.020588,0.020588
0.018246,0.018246
0.008092,0.008092
0.014019,0.014019
0.001580,0.001580
0.000000,0.000000
0.017787,0.017787
0.000000,0.000000
0.004249,0.004249
0.003135,0.003135
0.046708,0.046708
0.000000,0.000000
0.000000,0.000000
0.020556,0.020556
0.000000,0.000000
0.000000,0.000000
0.000000,0.000000
0.000628,0.000628
0.000000,0.000000
0.000000,0.000000
0.000000,0.000000
0.000000,0.000000
0.019721,0.019721
0.000000,0.000000
0.000000,0.000000
0.023129,0.023129
0.000000,0.000000
0.006970,0.006970
0.000000,0.000000
0.000000,0.000000
0.000000,0.000000
0.000000,0.000000
0.000000,0.000000
0.000000,0.000000
0.000000,0.000000
0.000000,0.000000
0.000000,0.000000
0.003697,0.003697
0.006336,0.006336
0.005090,0.005090
0.014132,0.014132
0.000000,0.000000
0.030520,0.030520
0.061910,0.061910
0.024567,0.024567
0.000000,0.000000
0.023137,0.023137
0.055087,0.055087
0.000000,0.000000
0.023727,0.023727
0.016369,0.016369
0.076980,0.076980
0.012560,0.012560
0.000000,0.000000
0.000000,0.000000
0.000000,0.000000
0.000000,0.000000
0.000000,0.000000
0.001606,0.001606
0.000000,0.000000
0.007244,0.007244
0.011037,0.011037
0.005945,0.005945
0.000000,0.000000
0.032555,0.032555
0.058168,0.058168
0.008594,0.008594
0.021067,0.021067
0.065479,0.065479
0.012956,0.012956
0.000000,0.000000
0.038725,0.038725
0.000402,0.000402
0.161751,0.161751
0.001203,0.001203
0.054690,0.054690
0.011242,0.011242
0.000000,0.000000
0.000000,0.000000
0.008959,0.008959
0.005330,0.005330
0.032674,0.032674
0.008222,0.008222
0.000000,0.000000
0.000000,0.000000
0.000000,0.000000
0.040526,0.040526
0.047168,0.047168
0.000000,0.000000
0.000000,0.000000
0.076698,0.076698
0.063518,0.063518
0.000000,0.000000
0.060860,0.060860
0.022719,0.022719
0.000000,0.000000
0.000000,0.000000
0.014149,0.014149
0.000000,0.000000
0.003052,0.003052
0.072924,0.072924
0.000000,0.000000
0.000000,0.000000
0.000000,0.000000
0.013608,0.013608
0.050010,0.050010
0.019939,0.019939
0.001726,0.001726
0.042922,0.042922
0.000000,0.000000
0.060561,0.060561
0.000000,0.000000
0.001458,0.001458
0.049036,0.049036
0.015855,0.015855
0.000000,0.000000
0.000000,0.000000
0.000000,0.000000
0.000000,0.000000
0.003811,0.003811
0.011398,0.011398
0.072704,0.072704
0.030932,0.030932
0.002040,0.002040
0.007812,0.007812
0.060654,0.060654
0.000000,0.000000
0.077947,0.077947
0.000000,0.000000
0.003012,0.003012
0.000000,0.000000
0.000000,0.000000
0.000000,0.000000
0.070821,0.070821
0.003878,0.003878
0.012292,0.012292
0.006488,0.006488
0.000000,0.000000
0.036780,0.036780
0.000000,0.000000
0.007866,0.007866
0.079214,0.079214
0.040472,0.040472
0.000000,0.000000
0.051889,0.051889
0.013379,0.013379
0.000000,0.000000
0.040500,0.040500
0.054791,0.054791
0.044912,0.044912
0.045610,0.045610
0.018349,0.018349
0.000000,0.000000
0.061235,0.061235
0.039089,0.039089
0.064679,0.064679
0.028985,0.028985
0.021525,0.021525
0.036311,0.036311
0.012007,0.012007
0.042091,0.042091
0.036987,0.036987
0.072320,0.072320
0.037338,0.037338
0.055510,0.055510
0.053948,0.053948
0.056923,0.056923
0.062187,0.062187
0.044940,0.044940
0.043640,0.043640
0.039705,0.039705
0.076536,0.076536
0.009713,0.009713
0.050452,0.050452
0.053212,0.053212
0.048181,0.048181
0.040826,0.040826
0.034716,0.034716
0.044381,0.044381
0.043582,0.043582
0.032036,0.032036
0.047959,0.047959
0.026433,0.026433
0.000000,0.000000
0.058422,0.058422
0.024904,0.024904
0.051964,0.051964
0.051901,0.051901
0.040498,0.040498
0.006532,0.006532
0.017023,0.017023
0.000000,0.000000
0.045641,0.045641
0.021409,0.021409
0.054672,0.054672
0.052269,0.052269
0.019322,0.019322
0.010633,0.010633
0.058253,0.058253
0.076727,0.076727
0.031240,0.031240
0.020873,0.020873
0.041933,0.041933
0.027005,0.027005
0.052513,0.052513
0.013526,0.013526
0.000000,0.000000
0.024986,0.024986
0.009666,0.009666
0.010420,0.010420
0.045241,0.045241
0.043086,0.043086
0.047240,0.047240
0.042870,0.042870
0.030759,0.030759
0.024893,0.024893
0.011942,0.011942
0.006993,0.006993
0.024177,0.024177
0.013059,0.013059
0.009528,0.009528
0.023443,0.023443
0.021635,0.021635
0.041905,0.041905
0.001398,0.001398
0.032543,0.032543
0.038841,0.038841
0.051035,0.051035
0.003818,0.003818
0.055479,0.055479
0.000000,0.000000
0.000000,0.000000
0.034501,0.034501
0.055065,0.055065
0.075219,0.075219
0.028431,0.028431
0.078899,0.078899
0.036019,0.036019
0.024135,0.024135
0.016954,0.016954
0.000000,0.000000
0.018744,0.018744
0.044582,0.044582
0.046816,0.046816
0.007118,0.007118
0.057012,0.057012
0.005883,0.005883
0.004242,0.004242
0.028471,0.028471
0.048098,0.048098
0.044763,0.044763
0.013857,0.013857
0.045930,0.045930
0.007578,0.007578
0.025735,0.025735
0.037810,0.037810
0.025320,0.025320
0.054833,0.054833
0.031001,0.031001
0.089461,0.089461
0.021199,0.021199
0.000645,0.000645
0.035857,0.035857
0.002718,0.002718
0.032176,0.032176
0.000000,0.000000
0.000000,0.000000
0.018332,0.018332
0.000000,0.000000
0.000000,0.000000
0.047361,0.047361
0.031867,0.031867
0.029637,0.029637
0.035125,0.035125
0.046889,0.046889
0.083490,0.083490
0.045970,0.045970
0.023266,0.023266
0.074574,0.074574
0.058025,0.058025
0.070461,0.070461
0.059283,0.059283
0.035446,0.035446
0.021635,0.021635
0.083085,0.083085
0.043673,0.043673
0.035576,0.035576
0.039371,0.039371
0.000000,0.000000
0.048849,0.048849
0.024504,0.024504
0.012079,0.012079
0.008810,0.008810
0.013377,0.013377
0.022243,0.022243
0.066124,0.066124
0.022474,0.022474
0.070118,0.070118
0.052643,0.052643
0.054826,0.054826
0.049821,0.049821
0.000421,0.000421
0.005516,0.005516
0.067931,0.067931
0.029524,0.029524
0.022309,0.022309
0.019689,0.019689
0.003648,0.003648
0.000000,0.000000
0.046694,0.046694
0.028068,0.028068
0.015896,0.015896
0.047896,0.047896
0.001590,0.001590
0.048129,0.048129
0.014448,0.014448
0.139519,0.139519
0.031651,0.031651
0.034415,0.034415
0.148454,0.148454
0.059686,0.059686
0.012417,0.012417
0.012545,0.012545
0.033904,0.033904
0.065714,0.065714
0.000018,0.000018
0.069294,0.069294
0.003540,0.003540
0.024678,0.024678
0.016576,0.016576
0.008446,0.008446
0.038600,0.038600
0.063063,0.063063
0.041705,0.041705
0.000000,0.000000
0.047334,0.047334
0.003176,0.003176
0.061862,0.061862
0.043974,0.043974
0.013625,0.013625
0.046630,0.046630
0.030853,0.030853
0.039286,0.039286
0.050817,0.050817
0.000000,0.000000
0.021992,0.021992
0.046731,0.046731
0.017025,0.017025
0.026449,0.026449
0.009490,0.009490
0.022803,0.022803
0.046409,0.046409
0.004419,0.004419
0.021056,0.021056
0.003508,0.003508
0.055472,0.055472
0.000393,0.000393
0.034617,0.034617
0.012637,0.012637
0.040034,0.040034
0.025379,0.025379
0.008516,0.008516
0.017697,0.017697
0.034086,0.034086
0.032213,0.032213
0.059243,0.059243
0.000901,0.000901
0.035368,0.035368
0.048214,0.048214
0.007984,0.007984
0.029196,0.029196
0.008639,0.008639
0.044810,0.044810
0.062761,0.062761
0.009364,0.009364
0.025748,0.025748
0.035533,0.035533
0.032724,0.032724
0.024261,0.024261
0.019976,0.019976
0.033528,0.033528
0.004726,0.004726
0.020250,0.020250
0.012865,0.012865
0.019525,0.019525
0.040833,0.040833
0.046891,0.046891
0.021183,0.021183
0.035302,0.035302
0.008272,0.008272
0.000000,0.000000
0.000000,0.000000
0.014019,0.014019
0.023291,0.023291
0.010242,0.010242
0.018379,0.018379
0.004280,0.004280
0.041753,0.041753
0.009552,0.009552
0.036543,0.036543
0.041290,0.041290
0.029901,0.029901
0.042567,0.042567
0.050452,0.050452
0.006990,0.006990
0.019286,0.019286
0.026298,0.026298
0.054316,0.054316
0.029929,0.029929
0.000000,0.000000
0.065287,0.065287
0.037542,0.037542
0.024692,0.024692
0.017757,0.017757
0.028692,0.028692
0.003347,0.003347
0.012880,0.012880
0.061478,0.061478
0.041427,0.041427
0.050852,0.050852
0.041741,0.041741
0.062971,0.062971
0.039307,0.039307
0.025472,0.025472
0.068060,0.068060
0.025029,0.025029
0.047417,0.047417
0.013887,0.013887
0.026035,0.026035
0.033728,0.033728
0.035531,0.035531
0.007869,0.007869
0.015771,0.015771
0.003367,0.003367
0.013654,0.013654
0.069611,0.069611
0.046130,0.046130
0.032255,0.032255
0.007719,0.007719
0.043778,0.043778
0.000097,0.000097
0.009514,0.009514
0.008776,0.008776
0.004084,0.004084
0.030222,0.030222
0.018346,0.018346
0.003170,0.003170
0.004418,0.004418
0.058161,0.058161
0.050876,0.050876
0.008094,0.008094
0.006868,0.006868
0.039384,0.039384
0.035237,0.035237
0.017222,0.017222
0.022626,0.022626
0.018769,0.018769
0.015833,0.015833
0.044503,0.044503
0.065559,0.065559
0.008413,0.008413
0.001449,0.001449
0.039989,0.039989
0.025021,0.025021
0.041071,0.041071
0.015180,0.015180
0.003156,0.003156
0.066367,0.066367
0.039331,0.039331
0.039924,0.039924
0.018678,0.018678
0.038039,0.038039
0.016879,0.016879
0.038424,0.038424
0.022325,0.022325
0.057689,0.057689
0.001143,0.001143
0.002667,0.002667
0.016637,0.016637
0.041140,0.041140
0.009240,0.009240
0.043245,0.043245
0.000000,0.000000
0.056118,0.056118
0.025367,0.025367
0.033539,0.033539
0.064891,0.064891
0.049650,0.049650
0.041465,0.041465
0.001692,0.001692
0.051559,0.051559
0.003523,0.003523
0.048763,0.048763
0.000000,0.000000
0.023276,0.023276
0.000000,0.000000
0.000000,0.000000
0.034124,0.034124
0.072733,0.072733
0.007549,0.007549
0.089770,0.089770
0.024357,0.024357
0.012757,0.012757
0.047106,0.047106
0.031782,0.031782
0.043118,0.043118
0.020636,0.020636
0.032261,0.032261
0.015721,0.015721
0.000000,0.000000
0.025089,0.025089
0.026242,0.026242
0.062831,0.062831
0.037497,0.037497
0.022796,0.022796
0.066298,0.066298
0.026660,0.026660
0.032017,0.032017
0.042522,0.042522
0.012018,0.012018
0.025345,0.025345
0.011435,0.011435
0.063210,0.063210
0.040997,0.040997
0.047520,0.047520
0.057506,0.057506
0.063190,0.063190
0.051260,0.051260
0.058181,0.058181
0.071368,0.071368
0.000000,0.000000
0.049244,0.049244
0.066795,0.066795
0.000000,0.000000
0.011934,0.011934
0.051109,0.051109
0.037738,0.037738
0.008332,0.008332
0.063043,0.063043
0.021442,0.021442
0.061850,0.061850
0.034076,0.034076
0.028737,0.028737
0.028117,0.028117
0.023630,0.023630
0.026151,0.026151
0.053354,0.053354
0.040068,0.040068
0.031798,0.031798
0.000000,0.000000
0.039611,0.039611
0.000000,0.000000
0.002344,0.002344
0.003930,0.003930
0.022268,0.022268
0.004549,0.004549
0.033474,0.033474
0.028311,0.028311
0.000000,0.000000
0.012910,0.012910
0.004244,0.004244
0.029345,0.029345
0.000000,0.000000
0.039457,0.039457
0.030089,0.030089
0.049305,0.049305
0.029839,0.029839
0.000000,0.000000
0.035896,0.035896
0.050041,0.050041
0.053550,0.053550
0.051754,0.051754
0.061051,0.061051
0.011500,0.011500
0.002149,0.002149
0.000000,0.000000
0.056361,0.056361
0.036888,0.036888
0.047262,0.047262
0.000000,0.000000
0.000000,0.000000
0.043063,0.043063
0.040482,0.040482
0.052297,0.052297
0.041091,0.041091
0.012781,0.012781
0.047162,0.047162
0.000000,0.000000
0.034053,0.034053
0.017762,0.017762
0.008096,0.008096
0.008581,0.008581
0.060058,0.060058
0.017876,0.017876
0.023094,0.023094
0.019869,0.019869
0.027011,0.027011
0.069520,0.069520
0.000000,0.000000
0.046295,0.046295
0.071206,0.071206
0.028905,0.028905
0.060159,0.060159
0.056994,0.056994
0.035327,0.035327
0.052166,0.052166
0.035865,0.035865
0.055492,0.055492
0.036536,0.036536
0.000000,0.000000
0.071940,0.071940
0.066447,0.066447
0.044132,0.044132
0.048794,0.048794
0.069758,0.069758
0.011732,0.011732
0.036355,0.036355
0.037587,0.037587
0.049862,0.049862
0.030608,0.030608
0.000000,0.000000
0.000000,0.000000
0.065307,0.065307
0.022112,0.022112
0.021161,0.021161
0.043303,0.043303
0.020146,0.020146
0.057974,0.057974
0.005529,0.005529
0.042945,0.042945
0.048661,0.048661
0.017511,0.017511
0.046171,0.046171
0.062634,0.062634
0.043726,0.043726
0.046424,0.046424
0.058827,0.058827
0.062638,0.062638
0.074178,0.074178
0.054323,0.054323
0.016079,0.016079
0.051751,0.051751
0.062625,0.062625
0.078594,0.078594
0.072465,0.072465
0.000000,0.000000
0.000000,0.000000
0.045292,0.045292
0.077516,0.077516
0.011529,0.011529
0.035331,0.035331
0.001942,0.001942
0.068714,0.068714
0.013369,0.013369
0.000000,0.000000
0.025725,0.025725
0.013404,0.013404
0.000000,0.000000
0.051160,0.051160
0.014142,0.014142
0.015953,0.015953
0.013159,0.013159
0.005352,0.005352
0.016799,0.016799
0.024738,0.024738
0.000000,0.000000
0.024608,0.024608
0.009898,0.009898
0.040685,0.040685
0.016288,0.016288
0.000000,0.000000
0.022456,0.022456
0.030222,0.030222
0.000000,0.000000
0.000000,0.000000
0.000000,0.000000
0.013826,0.013826
0.000000,0.000000
0.050177,0.050177
0.032872,0.032872
0.036484,0.036484
0.000000,0.000000
0.020516,0.020516
0.012638,0.012638
0.007252,0.007252
0.005708,0.005708
0.011343,0.011343
0.028045,0.028045
0.000000,0.000000
0.001731,0.001731
0.000000,0.000000
0.035385,0.035385
0.000000,0.000000
0.000000,0.000000
0.018648,0.018648
0.000000,0.000000
0.011918,0.011918
0.019819,0.019819
0.001297,0.001297
0.000000,0.000000
0.004279,0.004279
0.017835,0.017835
0.000000,0.000000
0.000000,0.000000
0.053614,0.053614
0.000000,0.000000
0.016371,0.016371
0.000000,0.000000
0.034825,0.034825
0.000000,0.000000
0.023570,0.023570
0.031674,0.031674
0.001092,0.001092
0.000000,0.000000
0.000000,0.000000
0.007863,0.007863
0.000000,0.000000
0.000000,0.000000
0.010728,0.010728
0.002822,0.002822
0.000000,0.000000
0.046393,0.046393
0.027554,0.027554
0.005059,0.005059
0.037913,0.037913
0.014860,0.014860
0.011106,0.011106
0.035810,0.035810
0.002482,0.002482
0.016881,0.016881
0.015804,0.015804
0.000000,0.000000
0.021338,0.021338
0.009041,0.009041
0.029587,0.029587
0.007858,0.007858
0.000000,0.000000
0.035239,0.035239
0.018679,0.018679
0.019421,0.019421
0.018077,0.018077
0.000000,0.000000
0.023762,0.023762
0.005125,0.005125
0.019927,0.019927
0.008528,0.008528
0.027700,0.027700
0.024044,0.024044
0.013417,0.013417
0.030514,0.030514
0.016297,0.016297
0.012740,0.012740
0.023454,0.023454
0.026218,0.026218
0.037014,0.037014
0.058015,0.058015
0.000000,0.000000
0.000000,0.000000
0.027194,0.027194
0.001501,0.001501
0.031605,0.031605
0.038879,0.038879
0.025598,0.025598
0.006019,0.006019
0.028463,0.028463
0.036770,0.036770
0.000000,0.000000
0.000271,0.000271
0.033431,0.033431
0.014895,0.014895
0.000000,0.000000
0.049266,0.049266
0.004645,0.004645
0.027950,0.027950
0.002154,0.002154
0.021825,0.021825
0.014923,0.014923
0.011230,0.011230
0.035040,0.035040
0.036869,0.036869
0.034733,0.034733
0.017604,0.017604
0.025450,0.025450
0.010219,0.010219
0.031867,0.031867
0.027634,0.027634
0.008957,0.008957
0.000000,0.000000
0.030975,0.030975
0.000000,0.000000
0.004258,0.004258
0.016453,0.016453
0.000000,0.000000
0.002902,0.002902
0.033288,0.033288
0.031797,0.031797
0.025448,0.025448
0.000000,0.000000
0.068079,0.068079
0.000000,0.000000
0.007751,0.007751
0.014170,0.014170
0.008935,0.008935
0.000000,0.000000
0.017883,0.017883
0.004194,0.004194
0.008840,0.008840
0.020363,0.020363
0.037688,0.037688
0.045696,0.045696
0.018309,0.018309
0.000725,0.000725
0.013349,0.013349
0.047661,0.047661
0.030316,0.030316
0.030147,0.030147
0.003116,0.003116
0.000000,0.000000
0.000000,0.000000
0.051097,0.051097
0.036928,0.036928
0.038050,0.038050
0.032075,0.032075
0.085925,0.085925
0.000000,0.000000
0.026983,0.026983
0.001427,0.001427
