Assistance_LaneMonitoring_SPAWN->Assistance_LaneMonitoring_START,Assistance_LaneMonitoring_SPAWN->Assistance_LaneMonitoring_START
0.000000,0.000000
0.000000,0.000000
0.000000,0.000000
0.012644,0.012644
0.000000,0.000000
0.000000,0.000000
0.000000,0.000000
0.000000,0.000000
0.000000,0.000000
0.000000,0.000000
0.000000,0.000000
0.019138,0.019138
0.000000,0.000000
0.000000,0.000000
0.009187,0.009187
0.020390,0.020390
0.009400,0.009400
0.000000,0.000000
0.000000,0.000000
0.035509,0.035509
0.046053,0.046053
0.057675,0.057675
0.005029,0.005029
0.000000,0.000000
0.044068,0.044068
0.031451,0.031451
0.047918,0.047918
0.000000,0.000000
0.000000,0.000000
0.000000,0.000000
0.036549,0.036549
0.052458,0.052458
0.000000,0.000000
0.000000,0.000000
0.000000,0.000000
0.054818,0.054818
0.035744,0.035744
0.063138,0.063138
0.033667,0.033667
0.057033,0.057033
0.051064,0.051064
0.000000,0.000000
0.069711,0.069711
0.043153,0.043153
0.000000,0.000000
0.038546,0.038546
0.000000,0.000000
0.038682,0.038682
0.076903,0.076903
0.000000,0.000000
0.045301,0.045301
0.000000,0.000000
0.042431,0.042431
0.027058,0.027058
0.000000,0.000000
0.044876,0.044876
0.000000,0.000000
0.024682,0.024682
0.035095,0.035095
0.067952,0.067952
0.000000,0.000000
0.032499,0.032499
0.020102,0.020102
0.044493,0.044493
0.000000,0.000000
0.000000,0.000000
0.029776,0.029776
0.046098,0.046098
0.060127,0.060127
0.023995,0.023995
0.033250,0.033250
0.030928,0.030928
0.000000,0.000000
0.038637,0.038637
0.000000,0.000000
0.059336,0.059336
0.000000,0.000000
0.043665,0.043665
0.024242,0.024242
0.059648,0.059648
0.049841,0.049841
0.000000,0.000000
0.055636,0.055636
0.031505,0.031505
0.041813,0.041813
0.027774,0.027774
0.041235,0.041235
0.000000,0.000000
0.004731,0.004731
0.000000,0.000000
0.018438,0.018438
0.029248,0.029248
0.012907,0.012907
0.064085,0.064085
0.000000,0.000000
0.030298,0.030298
0.000000,0.000000
0.039032,0.039032
0.019350,0.019350
0.001527,0.001527
0.000537,0.000537
0.000000,0.000000
0.064896,0.064896
0.000000,0.000000
0.000000,0.000000
0.010870,0.010870
0.012083,0.012083
0.039400,0.039400
0.000000,0.000000
0.000000,0.000000
0.000000,0.000000
0.000000,0.000000
0.000000,0.000000
0.000000,0.000000
0.042910,0.042910
0.000000,0.000000
0.000000,0.000000
0.048553,0.048553
0.024207,0.024207
0.000000,0.000000
0.055471,0.055471
0.000000,0.000000
0.000000,0.000000
0.045016,0.045016
0.035731,0.035731
0.000000,0.000000
0.000000,0.000000
0.060202,0.060202
0.000000,0.000000
0.021301,0.021301
0.000000,0.000000
0.000000,0.000000
0.000000,0.000000
0.024408,0.024408
0.000000,0.000000
0.000000,0.000000
0.000000,0.000000
0.055798,0.055798
0.000000,0.000000
0.032143,0.032143
0.000000,0.000000
0.000000,0.000000
0.000000,0.000000
0.000000,0.000000
0.000000,0.000000
0.000000,0.000000
0.051567,0.051567
0.000000,0.000000
0.002029,0.002029
0.000000,0.000000
0.000000,0.000000
0.000000,0.000000
0.066252,0.066252
0.036140,0.036140
0.041148,0.041148
0.000000,0.000000
0.027870,0.027870
0.000000,0.000000
0.049945,0.049945
0.000000,0.000000
0.000000,0.000000
0.000000,0.000000
0.001502,0.001502
0.012910,0.012910
0.045017,0.045017
0.002514,0.002514
0.000000,0.000000
0.049551,0.049551
0.033247,0.033247
0.078125,0.078125
0.043082,0.043082
0.028435,0.028435
0.046543,0.046543
0.000000,0.000000
0.059700,0.059700
0.000000,0.000000
0.055720,0.055720
0.000000,0.000000
0.000000,0.000000
0.000000,0.000000
0.000000,0.000000
0.030069,0.030069
0.055854,0.055854
0.027074,0.027074
0.039535,0.039535
0.000000,0.000000
0.001418,0.001418
0.046534,0.046534
0.028478,0.028478
0.040477,0.040477
0.052862,0.052862
0.000000,0.000000
0.000000,0.000000
0.012307,0.012307
0.038669,0.038669
0.000000,0.000000
0.058063,0.058063
0.075314,0.075314
0.000000,0.000000
0.000000,0.000000
0.041732,0.041732
0.072809,0.072809
0.018766,0.018766
0.042519,0.042519
0.001824,0.001824
0.052807,0.052807
0.000000,0.000000
0.000000,0.000000
0.052052,0.052052
0.000000,0.000000
0.000000,0.000000
0.035765,0.035765
0.000000,0.000000
0.005773,0.005773
0.006020,0.006020
0.013686,0.013686
0.031907,0.031907
0.000000,0.000000
0.000000,0.000000
0.000000,0.000000
0.000000,0.000000
0.051590,0.051590
0.034512,0.034512
0.070548,0.070548
0.000000,0.000000
0.000000,0.000000
0.000000,0.000000
0.051076,0.051076
0.000000,0.000000
0.058699,0.058699
0.065815,0.065815
0.058854,0.058854
0.000000,0.000000
0.059808,0.059808
0.024304,0.024304
0.043115,0.043115
0.029797,0.029797
0.000000,0.000000
0.003534,0.003534
0.031115,0.031115
0.000000,0.000000
0.000000,0.000000
0.041967,0.041967
0.000000,0.000000
0.000000,0.000000
0.039221,0.039221
0.068488,0.068488
0.000000,0.000000
0.040076,0.040076
0.024249,0.024249
0.028775,0.028775
0.068722,0.068722
0.037583,0.037583
0.000000,0.000000
0.000000,0.000000
0.000000,0.000000
0.046882,0.046882
0.036699,0.036699
0.000000,0.000000
0.000000,0.000000
0.041345,0.041345
0.000000,0.000000
0.048782,0.048782
0.031354,0.031354
0.000000,0.000000
0.000000,0.000000
0.000000,0.000000
0.028821,0.028821
0.003893,0.003893
0.040875,0.040875
0.046459,0.046459
0.044224,0.044224
0.000000,0.000000
0.000000,0.000000
0.005466,0.005466
0.000000,0.000000
0.000000,0.000000
0.035896,0.035896
0.000000,0.000000
0.000000,0.000000
0.000000,0.000000
0.000000,0.000000
0.005860,0.005860
0.026282,0.026282
0.030237,0.030237
0.000000,0.000000
0.032791,0.032791
0.000000,0.000000
0.000000,0.000000
0.033755,0.033755
0.035898,0.035898
0.068983,0.068983
0.053553,0.053553
0.000000,0.000000
0.008185,0.008185
0.018944,0.018944
0.000000,0.000000
0.000000,0.000000
0.000000,0.000000
0.041106,0.041106
0.000000,0.000000
0.042016,0.042016
0.000000,0.000000
0.012016,0.012016
0.040908,0.040908
0.056517,0.056517
0.000000,0.000000
0.000000,0.000000
0.000000,0.000000
0.040152,0.040152
0.058662,0.058662
0.000000,0.000000
0.000000,0.000000
0.000000,0.000000
0.000000,0.000000
0.035036,0.035036
0.044701,0.044701
0.001408,0.001408
0.000000,0.000000
0.000000,0.000000
0.027651,0.027651
0.071446,0.071446
0.048930,0.048930
0.000000,0.000000
0.000000,0.000000
0.008495,0.008495
0.000000,0.000000
0.000000,0.000000
0.000000,0.000000
0.048683,0.048683
0.053703,0.053703
0.045293,0.045293
0.057808,0.057808
0.022489,0.022489
0.000000,0.000000
0.000000,0.000000
0.038268,0.038268
0.000000,0.000000
0.015027,0.015027
0.000000,0.000000
0.000000,0.000000
0.053532,0.053532
0.000000,0.000000
0.029675,0.029675
0.024800,0.024800
0.039690,0.039690
0.000000,0.000000
0.034701,0.034701
0.018796,0.018796
0.000000,0.000000
0.000000,0.000000
0.000000,0.000000
0.044748,0.044748
0.064931,0.064931
0.043106,0.043106
0.025050,0.025050
0.000000,0.000000
0.037811,0.037811
0.003315,0.003315
0.010703,0.010703
0.046467,0.046467
0.039256,0.039256
0.051781,0.051781
0.000000,0.000000
0.017998,0.017998
0.026714,0.026714
0.000000,0.000000
0.024965,0.024965
0.046307,0.046307
0.044211,0.044211
0.000000,0.000000
0.000000,0.000000
0.035938,0.035938
0.023802,0.023802
0.025655,0.025655
0.041555,0.041555
0.034681,0.034681
0.035083,0.035083
0.000000,0.000000
0.072336,0.072336
0.001183,0.001183
0.000000,0.000000
0.000000,0.000000
0.054609,0.054609
0.025450,0.025450
0.000000,0.000000
0.007929,0.007929
0.044480,0.044480
0.005271,0.005271
0.004644,0.004644
0.023899,0.023899
0.001411,0.001411
0.000000,0.000000
0.002613,0.002613
0.056901,0.056901
0.044521,0.044521
0.000000,0.000000
0.050773,0.050773
0.000000,0.000000
0.025171,0.025171
0.025505,0.025505
0.000000,0.000000
0.049153,0.049153
0.044900,0.044900
0.000000,0.000000
0.047171,0.047171
0.000000,0.000000
0.000000,0.000000
0.040981,0.040981
0.046661,0.046661
0.032730,0.032730
0.000000,0.000000
0.000000,0.000000
0.108753,0.108753
0.006798,0.006798
0.000000,0.000000
0.007917,0.007917
0.024991,0.024991
0.033879,0.033879
0.034226,0.034226
0.054599,0.054599
0.000000,0.000000
0.021249,0.021249
0.034562,0.034562
0.050165,0.050165
0.000000,0.000000
0.008228,0.008228
0.000000,0.000000
0.063838,0.063838
0.031532,0.031532
0.000000,0.000000
0.043871,0.043871
0.040442,0.040442
0.061613,0.061613
0.023014,0.023014
0.000000,0.000000
0.000386,0.000386
0.009427,0.009427
0.036899,0.036899
0.014769,0.014769
0.045030,0.045030
0.050792,0.050792
0.064749,0.064749
0.008406,0.008406
0.045373,0.045373
0.048735,0.048735
0.000000,0.000000
0.044504,0.044504
0.000000,0.000000
0.033950,0.033950
0.022548,0.022548
0.036689,0.036689
0.050036,0.050036
0.000000,0.000000
0.008930,0.008930
0.000000,0.000000
0.000000,0.000000
0.028524,0.028524
0.000000,0.000000
0.000000,0.000000
0.008218,0.008218
0.024886,0.024886
0.006702,0.006702
0.000000,0.000000
0.038698,0.038698
0.000000,0.000000
0.004447,0.004447
0.027614,0.027614
0.030631,0.030631
0.057252,0.057252
0.033444,0.033444
0.000000,0.000000
0.000000,0.000000
0.036856,0.036856
0.017185,0.017185
0.008948,0.008948
0.010688,0.010688
0.000000,0.000000
0.000000,0.000000
0.050004,0.050004
0.000000,0.000000
0.029148,0.029148
0.023364,0.023364
0.023321,0.023321
0.000000,0.000000
0.000000,0.000000
0.000000,0.000000
0.011608,0.011608
0.051972,0.051972
0.018467,0.018467
0.027451,0.027451
0.006431,0.006431
0.007138,0.007138
0.017825,0.017825
0.027599,0.027599
0.037969,0.037969
0.000000,0.000000
0.026578,0.026578
0.003288,0.003288
0.004201,0.004201
0.019834,0.019834
0.056730,0.056730
0.048128,0.048128
0.018691,0.018691
0.016711,0.016711
0.027025,0.027025
0.037095,0.037095
0.020024,0.020024
0.019985,0.019985
0.003861,0.003861
0.005522,0.005522
0.040254,0.040254
0.023112,0.023112
0.032799,0.032799
0.023112,0.023112
0.048024,0.048024
0.099571,0.099571
0.015749,0.015749
0.005551,0.005551
0.000000,0.000000
0.024449,0.024449
0.059699,0.059699
0.041579,0.041579
0.031065,0.031065
0.000000,0.000000
0.000000,0.000000
0.036140,0.036140
0.043135,0.043135
0.012057,0.012057
0.040082,0.040082
0.000000,0.000000
0.034885,0.034885
0.021081,0.021081
0.008028,0.008028
0.034016,0.034016
0.010243,0.010243
0.033088,0.033088
0.000000,0.000000
0.000000,0.000000
0.054315,0.054315
0.017551,0.017551
0.062601,0.062601
0.049172,0.049172
0.047323,0.047323
0.041083,0.041083
0.009901,0.009901
0.028542,0.028542
0.000000,0.000000
0.081232,0.081232
0.040661,0.040661
0.033238,0.033238
0.047495,0.047495
0.059010,0.059010
0.023409,0.023409
0.013890,0.013890
0.000000,0.000000
0.000000,0.000000
0.012376,0.012376
0.012127,0.012127
0.023015,0.023015
0.000000,0.000000
0.005127,0.005127
0.013540,0.013540
0.055862,0.055862
0.021434,0.021434
0.054068,0.054068
0.044520,0.044520
0.000000,0.000000
0.024788,0.024788
0.081256,0.081256
0.046175,0.046175
0.000000,0.000000
0.000000,0.000000
0.067838,0.067838
0.027973,0.027973
0.040156,0.040156
0.000000,0.000000
0.030765,0.030765
0.008530,0.008530
0.008389,0.008389
0.038519,0.038519
0.048882,0.048882
0.031517,0.031517
0.044751,0.044751
0.000000,0.000000
0.052565,0.052565
0.032727,0.032727
0.063435,0.063435
0.032008,0.032008
0.038403,0.038403
0.033800,0.033800
0.011896,0.011896
0.000000,0.000000
0.004421,0.004421
0.000000,0.000000
0.010190,0.010190
0.048128,0.048128
0.026417,0.026417
0.000000,0.000000
0.045982,0.045982
0.000000,0.000000
0.000000,0.000000
0.036487,0.036487
0.005323,0.005323
0.029381,0.029381
0.033968,0.033968
0.025216,0.025216
0.017963,0.017963
0.036772,0.036772
0.000000,0.000000
0.026525,0.026525
0.029537,0.029537
0.000000,0.000000
0.034889,0.034889
0.047933,0.047933
0.033631,0.033631
0.000000,0.000000
0.000000,0.000000
0.000000,0.000000
0.050954,0.050954
0.000793,0.000793
0.063036,0.063036
0.040025,0.040025
0.041260,0.041260
0.039043,0.039043
0.000000,0.000000
0.053476,0.053476
0.019187,0.019187
0.018514,0.018514
0.060994,0.060994
0.055087,0.055087
0.053551,0.053551
0.039792,0.039792
0.000000,0.000000
0.028303,0.028303
0.019442,0.019442
0.041638,0.041638
0.047106,0.047106
0.000000,0.000000
0.000000,0.000000
0.054569,0.054569
0.000000,0.000000
0.000000,0.000000
0.000000,0.000000
0.061423,0.061423
0.042439,0.042439
0.000000,0.000000
0.017174,0.017174
0.029714,0.029714
0.052105,0.052105
0.000201,0.000201
0.057997,0.057997
0.000000,0.000000
0.033424,0.033424
0.000000,0.000000
0.047656,0.047656
0.035186,0.035186
0.000000,0.000000
0.037060,0.037060
0.000000,0.000000
0.022549,0.022549
0.037095,0.037095
0.025026,0.025026
0.000000,0.000000
0.008332,0.008332
0.044323,0.044323
0.000000,0.000000
0.020889,0.020889
0.039623,0.039623
0.000000,0.000000
0.036805,0.036805
0.000000,0.000000
0.027672,0.027672
0.000000,0.000000
0.000000,0.000000
0.000000,0.000000
0.006697,0.006697
0.024513,0.024513
0.018691,0.018691
0.031093,0.031093
0.043170,0.043170
0.022826,0.022826
0.000000,0.000000
0.000000,0.000000
0.000000,0.000000
0.007009,0.007009
0.000000,0.000000
0.063439,0.063439
0.000000,0.000000
0.000000,0.000000
0.000000,0.000000
0.000000,0.000000
0.000000,0.000000
0.000000,0.000000
0.000000,0.000000
0.000000,0.000000
0.008265,0.008265
0.000000,0.000000
0.000000,0.000000
0.000000,0.000000
0.045308,0.045308
0.000000,0.000000
0.000000,0.000000
0.000000,0.000000
0.000000,0.000000
0.000000,0.000000
0.016413,0.016413
0.000000,0.000000
0.000000,0.000000
0.000782,0.000782
0.000000,0.000000
0.049281,0.049281
0.000000,0.000000
0.000000,0.000000
0.065503,0.065503
0.002195,0.002195
0.037986,0.037986
0.000000,0.000000
0.061616,0.061616
0.057980,0.057980
0.008008,0.008008
0.000000,0.000000
0.035998,0.035998
0.000000,0.000000
0.000000,0.000000
0.057997,0.057997
0.000000,0.000000
0.000000,0.000000
0.000000,0.000000
0.000000,0.000000
0.000000,0.000000
0.000000,0.000000
0.000000,0.000000
0.000000,0.000000
0.003137,0.003137
0.000000,0.000000
0.000000,0.000000
0.084277,0.084277
0.000762,0.000762
0.000000,0.000000
0.032589,0.032589
0.017523,0.017523
0.000000,0.000000
0.000209,0.000209
0.014435,0.014435
0.005815,0.005815
0.000000,0.000000
0.000000,0.000000
0.000000,0.000000
0.000000,0.000000
0.033802,0.033802
0.000000,0.000000
0.050809,0.050809
0.029857,0.029857
0.000000,0.000000
0.052254,0.052254
0.030574,0.030574
0.000000,0.000000
0.000000,0.000000
0.048226,0.048226
0.000000,0.000000
0.000041,0.000041
0.000000,0.000000
0.000000,0.000000
0.067129,0.067129
0.068928,0.068928
0.037362,0.037362
0.000000,0.000000
0.000000,0.000000
0.004574,0.004574
0.000000,0.000000
0.000000,0.000000
0.000000,0.000000
0.000000,0.000000
0.010817,0.010817
0.000000,0.000000
0.034670,0.034670
0.000000,0.000000
0.000000,0.000000
0.001593,0.001593
0.000000,0.000000
0.000000,0.000000
0.000000,0.000000
0.000000,0.000000
0.003849,0.003849
0.000000,0.000000
0.000000,0.000000
0.052138,0.052138
0.000000,0.000000
0.000000,0.000000
0.000409,0.000409
0.003740,0.003740
0.004001,0.004001
0.000000,0.000000
0.000000,0.000000
0.014149,0.014149
0.034389,0.034389
0.000000,0.000000
0.000000,0.000000
0.000000,0.000000
0.000000,0.000000
0.000000,0.000000
0.000000,0.000000
0.000000,0.000000
0.044329,0.044329
0.039696,0.039696
0.000000,0.000000
0.000000,0.000000
0.002593,0.002593
0.000000,0.000000
0.000000,0.000000
0.000000,0.000000
0.037705,0.037705
0.046106,0.046106
0.043005,0.043005
0.000000,0.000000
0.045619,0.045619
0.000000,0.000000
0.000000,0.000000
0.000000,0.000000
0.000000,0.000000
0.000000,0.000000
0.000000,0.000000
0.000000,0.000000
0.000000,0.000000
0.048083,0.048083
0.000000,0.000000
0.002237,0.002237
0.000000,0.000000
0.000000,0.000000
0.000000,0.000000
0.000000,0.000000
0.000000,0.000000
0.000000,0.000000
0.000000,0.000000
0.003266,0.003266
0.063747,0.063747
0.061298,0.061298
0.000000,0.000000
0.000000,0.000000
0.062119,0.062119
0.000000,0.000000
0.058719,0.058719
0.000000,0.000000
0.000000,0.000000
0.001736,0.001736
0.000000,0.000000
0.048174,0.048174
0.000000,0.000000
0.000000,0.000000
0.000000,0.000000
0.000000,0.000000
0.000000,0.000000
0.000000,0.000000
0.000000,0.000000
0.000000,0.000000
0.000000,0.000000
0.024259,0.024259
0.000000,0.000000
0.017898,0.017898
0.000000,0.000000
0.005228,0.005228
0.000000,0.000000
0.000000,0.000000
0.000000,0.000000
0.000000,0.000000
0.000000,0.000000
0.000000,0.000000
0.000000,0.000000
0.000000,0.000000
0.000000,0.000000
0.000000,0.000000
0.063876,0.063876
0.063279,0.063279
0.000000,0.000000
0.000000,0.000000
0.003151,0.003151
0.000000,0.000000
0.045938,0.045938
0.041725,0.041725
0.059458,0.059458
0.058223,0.058223
0.000000,0.000000
0.000000,0.000000
0.008508,0.008508
0.000000,0.000000
0.000000,0.000000
0.040432,0.040432
0.000000,0.000000
0.042660,0.042660
0.025002,0.025002
0.000000,0.000000
0.032250,0.032250
0.034390,0.034390
0.000000,0.000000
0.000000,0.000000
0.040860,0.040860
0.000000,0.000000
0.000000,0.000000
0.049335,0.049335
0.022599,0.022599
0.000000,0.000000
0.012284,0.012284
0.047745,0.047745
0.038275,0.038275
0.000000,0.000000
0.000000,0.000000
0.000000,0.000000
0.000000,0.000000
0.001393,0.001393
0.000000,0.000000
0.000000,0.000000
0.003273,0.003273
0.000000,0.000000
0.000000,0.000000
0.000000,0.000000
0.003548,0.003548
0.009923,0.009923
0.000000,0.000000
0.003232,0.003232
0.030262,0.030262
0.000000,0.000000
0.000000,0.000000
0.050087,0.050087
0.000000,0.000000
0.000000,0.000000
0.022671,0.022671
0.000000,0.000000
0.000000,0.000000
0.000000,0.000000
0.000000,0.000000
0.000000,0.000000
0.000000,0.000000
0.000000,0.000000
0.000000,0.000000
0.000000,0.000000
0.000000,0.000000
0.000000,0.000000
0.000000,0.000000
0.000000,0.000000
0.000000,0.000000
0.000000,0.000000
0.000000,0.000000
0.021755,0.021755
0.000000,0.000000
0.000000,0.000000
0.079144,0.079144
0.000000,0.000000
0.000000,0.000000
0.007859,0.007859
0.000000,0.000000
0.000000,0.000000
0.011099,0.011099
0.034394,0.034394
0.000000,0.000000
0.008177,0.008177
0.048166,0.048166
0.039462,0.039462
0.000000,0.000000
0.000000,0.000000
0.000000,0.000000
0.000000,0.000000
0.007729,0.007729
0.000000,0.000000
0.000000,0.000000
0.028043,0.028043
0.000000,0.000000
0.037643,0.037643
0.025544,0.025544
0.000000,0.000000
0.048154,0.048154
0.025718,0.025718
0.000000,0.000000
0.000000,0.000000
0.003578,0.003578
0.000000,0.000000
0.000000,0.000000
0.049135,0.049135
0.117019,0.117019
0.071698,0.071698
0.051252,0.051252
0.051910,0.051910
0.000000,0.000000
0.007951,0.007951
0.000000,0.000000
0.000000,0.000000
0.000000,0.000000
0.000000,0.000000
0.000155,0.000155
0.059650,0.059650
0.000000,0.000000
0.000000,0.000000
0.000000,0.000000
0.000000,0.000000
0.050663,0.050663
0.000000,0.000000
0.049639,0.049639
0.011507,0.011507
0.000000,0.000000
0.000000,0.000000
0.000000,0.000000
0.021271,0.021271
0.057528,0.057528
0.000000,0.000000
0.000000,0.000000
0.000000,0.000000
0.000000,0.000000
0.000000,0.000000
0.000000,0.000000
0.000000,0.000000
0.000000,0.000000
0.000000,0.000000
0.000000,0.000000
0.000000,0.000000
0.000000,0.000000
0.040387,0.040387
0.049909,0.049909
0.000000,0.000000
0.000000,0.000000
0.000000,0.000000
0.001038,0.001038
0.000000,0.000000
0.000000,0.000000
0.002436,0.002436
0.000000,0.000000
0.000000,0.000000
0.022133,0.022133
0.033092,0.033092
0.000000,0.000000
0.080277,0.080277
0.000000,0.000000
0.025809,0.025809
0.000000,0.000000
0.023655,0.023655
0.020649,0.020649
0.000000,0.000000
0.026375,0.026375
0.000000,0.000000
0.073221,0.073221
0.009526,0.009526
0.034198,0.034198
0.030841,0.030841
0.000000,0.000000
0.000000,0.000000
0.019490,0.019490
0.029872,0.029872
0.042291,0.042291
0.000000,0.000000
0.000000,0.000000
0.038800,0.038800
0.000000,0.000000
0.000000,0.000000
0.000000,0.000000
0.002817,0.002817
0.012917,0.012917
0.001936,0.001936
0.012755,0.012755
0.006228,0.006228
0.018122,0.018122
0.000000,0.000000
0.000000,0.000000
0.054362,0.054362
0.015502,0.015502
0.000000,0.000000
0.000000,0.000000
0.093384,0.093384
0.022178,0.022178
0.014441,0.014441
0.000000,0.000000
0.000000,0.000000
0.016359,0.016359
0.008329,0.008329
0.022189,0.022189
0.035717,0.035717
0.036154,0.036154
0.003725,0.003725
0.037493,0.037493
0.030994,0.030994
0.031235,0.031235
0.020520,0.020520
0.026782,0.026782
0.051836,0.051836
0.019538,0.019538
0.000000,0.000000
0.013439,0.013439
0.000000,0.000000
0.009293,0.009293
0.021059,0.021059
0.015816,0.015816
0.000000,0.000000
0.012466,0.012466
0.000000,0.000000
0.000000,0.000000
0.002816,0.002816
0.055482,0.055482
0.000000,0.000000
0.003423,0.003423
0.023642,0.023642
0.000000,0.000000
0.036354,0.036354
0.009848,0.009848
0.000000,0.000000
0.036871,0.036871
0.024437,0.024437
0.008582,0.008582
0.000000,0.000000
0.000000,0.000000
0.014934,0.014934
0.050624,0.050624
0.027335,0.027335
0.000000,0.000000
0.011694,0.011694
0.002268,0.002268
0.016984,0.016984
0.005810,0.005810
0.000000,0.000000
0.010367,0.010367
0.005071,0.005071
0.029702,0.029702
0.023238,0.023238
0.020025,0.020025
0.038497,0.038497
0.042269,0.042269
0.007351,0.007351
0.000000,0.000000
0.005706,0.005706
0.018169,0.018169
0.000000,0.000000
0.000000,0.000000
0.029936,0.029936
0.023099,0.023099
0.020382,0.020382
0.000327,0.000327
0.022585,0.022585
0.020479,0.020479
0.048024,0.048024
0.035423,0.035423
0.017507,0.017507
0.000000,0.000000
0.000000,0.000000
0.002328,0.002328
0.024752,0.024752
0.035158,0.035158
0.003022,0.003022
0.016094,0.016094
0.000000,0.000000
0.015500,0.015500
0.040851,0.040851
0.030311,0.030311
0.015982,0.015982
0.033409,0.033409
0.014037,0.014037
0.000000,0.000000
0.000000,0.000000
0.000000,0.000000
0.000000,0.000000
0.042945,0.042945
0.017491,0.017491
0.011250,0.011250
0.033297,0.033297
0.003999,0.003999
0.000000,0.000000
0.048604,0.048604
0.019219,0.019219
0.011384,0.011384
0.027039,0.027039
0.000000,0.000000
0.005198,0.005198
0.019850,0.019850
0.009611,0.009611
0.012580,0.012580
0.027244,0.027244
0.043826,0.043826
0.023366,0.023366
0.000000,0.000000
0.000000,0.000000
0.000000,0.000000
0.065616,0.065616
0.000000,0.000000
0.055430,0.055430
0.000000,0.000000
0.042023,0.042023
0.022915,0.022915
0.003229,0.003229
0.000000,0.000000
0.020840,0.020840
0.127838,0.127838
0.033504,0.033504
0.000000,0.000000
0.000000,0.000000
0.007518,0.007518
0.034537,0.034537
0.042747,0.042747
0.007286,0.007286
0.019605,0.019605
0.003148,0.003148
0.014985,0.014985
0.066318,0.066318
0.061616,0.061616
0.048002,0.048002
0.019672,0.019672
0.023783,0.023783
0.000000,0.000000
0.044456,0.044456
0.008862,0.008862
0.046120,0.046120
0.040373,0.040373
0.024897,0.024897
0.017618,0.017618
0.059932,0.059932
0.022792,0.022792
0.026695,0.026695
0.053524,0.053524
0.029919,0.029919
0.000000,0.000000
0.010525,0.010525
0.009611,0.009611
0.000000,0.000000
0.010354,0.010354
0.000000,0.000000
0.000000,0.000000
0.007353,0.007353
0.019683,0.019683
0.007916,0.007916
0.060009,0.060009
0.015733,0.015733
0.007996,0.007996
0.025186,0.025186
0.000000,0.000000
0.053713,0.053713
0.025960,0.025960
0.034907,0.034907
0.056248,0.056248
0.019188,0.019188
0.030568,0.030568
0.003279,0.003279
0.040391,0.040391
0.002567,0.002567
0.052861,0.052861
0.064552,0.064552
0.032208,0.032208
0.013097,0.013097
0.000000,0.000000
0.038014,0.038014
0.000000,0.000000
0.045792,0.045792
0.025598,0.025598
0.000000,0.000000
0.005280,0.005280
0.007015,0.007015
0.005895,0.005895
0.000000,0.000000
0.004399,0.004399
0.000000,0.000000
0.016919,0.016919
0.000000,0.000000
0.000000,0.000000
0.038833,0.038833
0.000000,0.000000
0.003332,0.003332
0.013186,0.013186
0.047935,0.047935
0.048779,0.048779
0.029543,0.029543
0.011165,0.011165
0.000000,0.000000
0.037046,0.037046
0.000000,0.000000
0.000000,0.000000
0.034449,0.034449
0.021639,0.021639
0.029198,0.029198
0.015667,0.015667
0.029083,0.029083
0.003702,0.003702
0.000000,0.000000
0.022676,0.022676
0.006051,0.006051
0.046357,0.046357
0.009059,0.009059
0.000000,0.000000
0.000000,0.000000
0.024558,0.024558
0.033791,0.033791
0.000000,0.000000
0.037043,0.037043
0.000000,0.000000
0.018601,0.018601
0.000000,0.000000
0.003812,0.003812
0.054862,0.054862
0.043021,0.043021
0.099497,0.099497
0.020037,0.020037
0.033097,0.033097
0.016488,0.016488
0.000000,0.000000
0.000000,0.000000
0.038864,0.038864
0.003793,0.003793
0.020040,0.020040
0.000000,0.000000
0.000000,0.000000
0.000000,0.000000
0.007145,0.007145
0.039405,0.039405
0.019950,0.019950
0.029157,0.029157
0.019702,0.019702
0.000000,0.000000
0.027689,0.027689
0.030913,0.030913
0.001618,0.001618
0.026673,0.026673
0.000000,0.000000
0.000000,0.000000
0.076500,0.076500
0.027090,0.027090
0.009169,0.009169
0.000000,0.000000
0.000000,0.000000
0.038093,0.038093
0.000000,0.000000
0.033009,0.033009
0.019406,0.019406
0.000000,0.000000
0.058311,0.058311
0.005170,0.005170
0.000000,0.000000
0.008137,0.008137
0.015895,0.015895
0.015375,0.015375
0.000998,0.000998
0.031093,0.031093
0.000000,0.000000
0.014398,0.014398
0.010462,0.010462
0.000000,0.000000
0.007918,0.007918
0.000000,0.000000
0.000000,0.000000
0.047719,0.047719
0.017767,0.017767
0.003470,0.003470
0.015542,0.015542
0.000000,0.000000
0.045245,0.045245
0.040722,0.040722
0.025608,0.025608
0.007329,0.007329
0.000000,0.000000
0.043934,0.043934
0.027813,0.027813
0.000000,0.000000
0.002464,0.002464
0.015153,0.015153
0.000000,0.000000
0.092643,0.092643
0.001788,0.001788
0.008727,0.008727
0.029477,0.029477
0.000000,0.000000
0.000000,0.000000
0.000000,0.000000
0.021633,0.021633
0.000000,0.000000
0.056810,0.056810
0.000000,0.000000
0.025830,0.025830
0.008399,0.008399
0.064279,0.064279
0.000000,0.000000
0.000000,0.000000
0.000000,0.000000
0.000000,0.000000
0.053386,0.053386
0.036565,0.036565
0.000000,0.000000
0.039747,0.039747
0.000000,0.000000
0.000000,0.000000
0.000000,0.000000
0.000000,0.000000
0.002803,0.002803
0.027072,0.027072
0.000000,0.000000
0.050374,0.050374
0.000000,0.000000
0.000000,0.000000
0.000000,0.000000
0.000000,0.000000
0.000000,0.000000
0.000000,0.000000
0.000000,0.000000
0.000000,0.000000
0.000000,0.000000
0.000000,0.000000
0.000000,0.000000
0.000000,0.000000
0.000000,0.000000
0.002158,0.002158
0.000000,0.000000
0.000000,0.000000
0.002268,0.002268
0.000000,0.000000
0.004787,0.004787
0.000000,0.000000
0.000000,0.000000
0.000000,0.000000
0.000000,0.000000
0.017042,0.017042
0.000000,0.000000
0.048108,0.048108
0.000000,0.000000
0.066048,0.066048
0.041226,0.041226
0.000000,0.000000
0.000000,0.000000
0.000000,0.000000
0.004323,0.004323
0.000000,0.000000
0.000000,0.000000
0.042315,0.042315
0.024460,0.024460
0.000000,0.000000
0.000000,0.000000
0.000000,0.000000
0.043041,0.043041
0.000000,0.000000
0.000000,0.000000
0.000000,0.000000
0.000000,0.000000
0.068585,0.068585
0.000000,0.000000
0.026346,0.026346
0.000000,0.000000
0.022145,0.022145
0.000000,0.000000
0.000447,0.000447
0.000000,0.000000
0.058819,0.058819
0.000000,0.000000
0.000000,0.000000
0.047458,0.047458
0.000000,0.000000
0.086149,0.086149
0.057648,0.057648
0.000000,0.000000
0.000000,0.000000
0.000000,0.000000
0.000000,0.000000
0.063269,0.063269
0.000000,0.000000
0.000000,0.000000
0.024180,0.024180
0.055886,0.055886
0.000000,0.000000
0.048825,0.048825
0.041017,0.041017
0.000000,0.000000
0.033903,0.033903
0.000000,0.000000
0.005008,0.005008
0.065517,0.065517
0.000000,0.000000
0.000000,0.000000
0.000000,0.000000
0.000000,0.000000
0.000000,0.000000
0.008271,0.008271
0.003988,0.003988
0.003150,0.003150
0.065317,0.065317
0.000000,0.000000
0.008438,0.008438
0.000000,0.000000
0.000000,0.000000
0.000000,0.000000
0.026010,0.026010
0.000000,0.000000
0.043227,0.043227
0.003549,0.003549
0.013811,0.013811
0.000000,0.000000
0.000000,0.000000
0.000000,0.000000
0.000000,0.000000
0.000000,0.000000
0.030975,0.030975
0.000000,0.000000
0.008451,0.008451
0.000000,0.000000
0.000000,0.000000
0.000000,0.000000
0.065091,0.065091
0.020664,0.020664
0.000000,0.000000
0.043148,0.043148
0.047517,0.047517
0.000000,0.000000
0.000000,0.000000
0.043640,0.043640
0.040957,0.040957
0.000000,0.000000
0.044263,0.044263
0.035818,0.035818
0.000000,0.000000
0.060140,0.060140
0.058055,0.058055
0.000000,0.000000
0.018145,0.018145
0.000000,0.000000
0.000000,0.000000
0.005004,0.005004
0.000000,0.000000
0.000000,0.000000
0.000000,0.000000
0.000000,0.000000
0.000000,0.000000
0.000000,0.000000
0.000000,0.000000
0.000000,0.000000
0.000000,0.000000
0.000000,0.000000
0.042486,0.042486
0.000000,0.000000
0.000000,0.000000
0.000402,0.000402
0.000000,0.000000
0.000000,0.000000
0.000000,0.000000
0.000000,0.000000
0.000000,0.000000
0.000000,0.000000
0.007341,0.007341
0.000000,0.000000
0.006390,0.006390
0.000000,0.000000
0.000000,0.000000
0.019792,0.019792
0.000000,0.000000
0.000000,0.000000
0.000000,0.000000
0.000000,0.000000
0.050707,0.050707
0.040989,0.040989
0.000000,0.000000
0.003201,0.003201
0.000000,0.000000
0.003474,0.003474
0.000000,0.000000
0.000000,0.000000
0.054359,0.054359
0.026708,0.026708
0.000000,0.000000
0.001813,0.001813
0.000000,0.000000
0.000000,0.000000
0.000000,0.000000
0.039823,0.039823
0.000000,0.000000
0.050247,0.050247
0.000000,0.000000
0.000000,0.000000
0.000000,0.000000
0.010311,0.010311
0.006949,0.006949
0.000000,0.000000
0.000000,0.000000
0.000000,0.000000
0.000000,0.000000
0.000000,0.000000
0.000000,0.000000
0.000000,0.000000
0.000000,0.000000
0.034502,0.034502
0.000000,0.000000
0.029802,0.029802
0.000000,0.000000
0.000000,0.000000
0.000000,0.000000
0.000000,0.000000
0.000000,0.000000
0.000000,0.000000
0.000000,0.000000
0.000000,0.000000
0.000000,0.000000
0.000000,0.000000
0.026944,0.026944
0.000000,0.000000
0.000000,0.000000
0.048175,0.048175
0.000000,0.000000
0.000000,0.000000
0.000000,0.000000
0.000000,0.000000
0.032951,0.032951
0.063003,0.063003
0.042292,0.042292
0.000000,0.000000
0.045417,0.045417
0.004146,0.004146
0.000000,0.000000
0.000000,0.000000
0.000000,0.000000
0.000000,0.000000
0.000000,0.000000
0.000000,0.000000
0.053153,0.053153
0.000000,0.000000
0.000000,0.000000
0.000000,0.000000
0.045809,0.045809
0.000000,0.000000
0.045261,0.045261
0.032239,0.032239
0.054061,0.054061
0.000000,0.000000
0.000000,0.000000
0.069283,0.069283
0.000000,0.000000
0.004691,0.004691
0.000000,0.000000
0.000000,0.000000
0.000000,0.000000
0.061325,0.061325
0.000000,0.000000
0.000000,0.000000
0.007301,0.007301
0.048188,0.048188
0.000000,0.000000
0.050836,0.050836
0.000000,0.000000
0.043786,0.043786
0.000000,0.000000
0.008238,0.008238
0.000000,0.000000
0.000911,0.000911
0.030235,0.030235
0.055350,0.055350
0.044549,0.044549
0.029690,0.029690
0.000000,0.000000
0.011253,0.011253
0.000000,0.000000
0.000000,0.000000
0.000000,0.000000
0.000000,0.000000
0.000000,0.000000
0.000000,0.000000
0.022932,0.022932
0.059171,0.059171
0.000000,0.000000
0.006049,0.006049
0.000000,0.000000
0.000000,0.000000
0.049944,0.049944
0.035301,0.035301
0.000000,0.000000
0.000000,0.000000
0.000000,0.000000
0.000000,0.000000
0.000000,0.000000
0.000000,0.000000
0.000000,0.000000
0.000000,0.000000
0.030999,0.030999
0.007961,0.007961
0.047729,0.047729
0.000000,0.000000
0.000000,0.000000
0.058148,0.058148
0.054949,0.054949
0.050436,0.050436
0.000000,0.000000
0.000000,0.000000
0.000000,0.000000
0.070301,0.070301
0.000000,0.000000
0.000000,0.000000
0.000000,0.000000
0.051767,0.051767
0.000000,0.000000
0.000000,0.000000
0.000000,0.000000
0.000000,0.000000
0.000000,0.000000
0.000000,0.000000
0.000000,0.000000
0.000000,0.000000
0.000000,0.000000
0.000000,0.000000
0.000000,0.000000
0.004720,0.004720
0.000000,0.000000
0.000000,0.000000
0.000000,0.000000
0.000000,0.000000
0.000000,0.000000
0.072234,0.072234
0.005097,0.005097
0.056257,0.056257
0.031741,0.031741
0.000000,0.000000
0.000000,0.000000
0.000000,0.000000
0.000000,0.000000
0.000000,0.000000
0.000000,0.000000
0.064368,0.064368
0.000000,0.000000
0.000000,0.000000
0.001677,0.001677
0.000000,0.000000
0.051568,0.051568
0.036809,0.036809
0.000000,0.000000
0.000000,0.000000
0.000000,0.000000
0.000000,0.000000
0.000000,0.000000
0.000000,0.000000
0.000000,0.000000
0.000000,0.000000
0.000000,0.000000
0.041940,0.041940
0.000000,0.000000
0.000000,0.000000
0.002951,0.002951
0.000000,0.000000
0.000000,0.000000
0.000000,0.000000
0.012915,0.012915
0.000000,0.000000
0.000000,0.000000
0.000000,0.000000
0.000000,0.000000
0.000000,0.000000
0.000000,0.000000
0.000000,0.000000
0.000000,0.000000
0.000000,0.000000
0.000000,0.000000
0.011628,0.011628
0.000000,0.000000
0.000000,0.000000
0.000000,0.000000
0.000000,0.000000
0.044725,0.044725
0.000000,0.000000
0.000000,0.000000
0.000000,0.000000
0.059926,0.059926
0.000000,0.000000
0.000000,0.000000
0.004650,0.004650
0.000000,0.000000
0.000000,0.000000
0.000000,0.000000
0.033764,0.033764
0.000000,0.000000
0.045412,0.045412
0.051805,0.051805
0.033794,0.033794
0.000000,0.000000
0.000000,0.000000
0.023909,0.023909
0.000000,0.000000
0.000000,0.000000
0.000000,0.000000
0.000000,0.000000
0.000000,0.000000
0.000000,0.000000
0.000000,0.000000
0.000000,0.000000
0.000000,0.000000
0.000000,0.000000
0.000000,0.000000
0.000000,0.000000
0.039443,0.039443
0.000000,0.000000
0.014678,0.014678
0.000000,0.000000
0.000000,0.000000
0.000000,0.000000
0.015665,0.015665
0.000000,0.000000
0.000000,0.000000
0.043656,0.043656
0.000000,0.000000
0.000000,0.000000
0.000000,0.000000
0.008512,0.008512
0.000000,0.000000
0.069374,0.069374
0.029054,0.029054
0.042387,0.042387
0.000000,0.000000
0.039358,0.039358
0.000000,0.000000
0.018148,0.018148
0.028038,0.028038
0.049906,0.049906
0.042191,0.042191
0.000000,0.000000
0.013627,0.013627
0.000000,0.000000
0.004433,0.004433
0.000000,0.000000
0.000000,0.000000
0.025387,0.025387
0.007800,0.007800
0.000000,0.000000
0.000000,0.000000
0.000000,0.000000
0.000000,0.000000
0.000000,0.000000
0.000000,0.000000
0.001714,0.001714
0.000000,0.000000
0.000000,0.000000
0.000000,0.000000
0.071044,0.071044
0.000000,0.000000
0.000000,0.000000
0.006877,0.006877
0.000000,0.000000
0.000810,0.000810
0.000000,0.000000
0.000000,0.000000
0.000000,0.000000
0.000000,0.000000
0.033904,0.033904
0.000000,0.000000
0.008302,0.008302
0.000000,0.000000
0.000000,0.000000
0.000000,0.000000
0.000000,0.000000
0.013994,0.013994
0.000000,0.000000
0.064558,0.064558
0.007128,0.007128
0.000000,0.000000
0.000000,0.000000
0.058179,0.058179
0.000000,0.000000
0.000000,0.000000
0.004780,0.004780
0.000000,0.000000
0.000000,0.000000
0.000000,0.000000
0.057853,0.057853
0.000988,0.000988
0.000000,0.000000
0.043481,0.043481
0.000000,0.000000
0.000000,0.000000
0.041405,0.041405
0.000000,0.000000
0.000000,0.000000
0.000373,0.000373
0.000000,0.000000
0.000000,0.000000
0.000000,0.000000
0.000000,0.000000
0.053681,0.053681
0.000000,0.000000
0.000000,0.000000
0.000000,0.000000
0.000000,0.000000
0.007130,0.007130
0.002415,0.002415
0.000000,0.000000
0.004702,0.004702
0.000000,0.000000
0.005847,0.005847
0.000000,0.000000
0.016328,0.016328
0.005600,0.005600
0.000000,0.000000
0.000000,0.000000
0.000000,0.000000
0.000000,0.000000
0.056689,0.056689
0.000000,0.000000
0.000000,0.000000
0.000000,0.000000
0.000000,0.000000
0.041171,0.041171
0.000000,0.000000
0.000000,0.000000
0.000000,0.000000
0.000000,0.000000
0.050888,0.050888
0.000000,0.000000
0.000000,0.000000
0.097426,0.097426
0.008095,0.008095
0.000000,0.000000
0.067356,0.067356
0.000000,0.000000
0.000000,0.000000
0.017531,0.017531
0.000000,0.000000
0.000000,0.000000
0.000000,0.000000
0.046597,0.046597
0.000000,0.000000
0.000000,0.000000
0.000000,0.000000
0.000000,0.000000
0.038433,0.038433
0.000000,0.000000
0.003064,0.003064
0.000445,0.000445
0.000000,0.000000
0.049114,0.049114
0.000000,0.000000
0.073213,0.073213
0.017822,0.017822
0.000000,0.000000
0.000000,0.000000
0.000000,0.000000
0.000000,0.000000
0.000000,0.000000
0.000000,0.000000
0.000000,0.000000
0.000000,0.000000
0.000000,0.000000
0.000000,0.000000
0.000000,0.000000
0.000000,0.000000
0.000000,0.000000
0.000000,0.000000
0.008280,0.008280
0.070723,0.070723
0.000000,0.000000
0.004502,0.004502
0.000000,0.000000
0.032521,0.032521
0.000000,0.000000
0.000000,0.000000
0.000000,0.000000
0.000000,0.000000
0.000000,0.000000
0.000000,0.000000
0.000000,0.000000
0.038934,0.038934
0.000000,0.000000
0.000000,0.000000
0.000000,0.000000
0.006900,0.006900
0.000000,0.000000
0.028005,0.028005
0.000000,0.000000
0.053112,0.053112
0.000000,0.000000
0.000000,0.000000
0.032163,0.032163
0.041976,0.041976
0.000000,0.000000
0.000000,0.000000
0.033189,0.033189
0.000000,0.000000
0.000000,0.000000
0.000000,0.000000
0.000000,0.000000
0.093944,0.093944
0.000000,0.000000
0.000000,0.000000
0.000000,0.000000
0.073601,0.073601
0.000000,0.000000
0.005118,0.005118
0.000000,0.000000
0.061314,0.061314
0.000000,0.000000
0.050365,0.050365
0.000000,0.000000
0.000000,0.000000
0.000000,0.000000
0.000000,0.000000
0.000000,0.000000
0.002243,0.002243
0.000000,0.000000
0.000000,0.000000
0.000000,0.000000
0.038678,0.038678
0.000000,0.000000
0.000000,0.000000
0.000000,0.000000
0.000000,0.000000
0.045396,0.045396
0.000000,0.000000
0.000000,0.000000
0.001239,0.001239
0.000000,0.000000
0.000000,0.000000
0.000000,0.000000
0.020873,0.020873
0.000000,0.000000
0.042820,0.042820
0.000000,0.000000
0.000000,0.000000
0.000000,0.000000
0.037586,0.037586
0.000000,0.000000
0.046307,0.046307
0.000000,0.000000
0.000000,0.000000
0.000000,0.000000
0.068499,0.068499
0.000000,0.000000
0.000000,0.000000
0.003154,0.003154
0.000000,0.000000
0.000000,0.000000
0.001886,0.001886
0.000000,0.000000
0.037369,0.037369
0.000000,0.000000
0.055992,0.055992
0.023241,0.023241
0.029481,0.029481
0.000000,0.000000
0.000000,0.000000
0.000000,0.000000
0.008246,0.008246
0.000000,0.000000
0.042565,0.042565
0.000000,0.000000
0.000000,0.000000
0.000000,0.000000
0.000000,0.000000
0.000000,0.000000
0.000000,0.000000
0.000000,0.000000
0.000000,0.000000
0.000000,0.000000
0.050517,0.050517
0.000000,0.000000
0.000000,0.000000
0.058574,0.058574
0.000000,0.000000
0.000000,0.000000
0.059033,0.059033
0.000000,0.000000
0.000000,0.000000
0.000000,0.000000
0.022038,0.022038
0.000000,0.000000
0.000000,0.000000
0.000000,0.000000
0.000000,0.000000
0.005515,0.005515
0.048585,0.048585
0.000000,0.000000
0.000000,0.000000
0.000000,0.000000
0.000000,0.000000
0.000000,0.000000
0.000000,0.000000
0.000000,0.000000
0.010600,0.010600
0.000000,0.000000
0.000000,0.000000
0.000000,0.000000
0.000000,0.000000
0.000000,0.000000
0.000000,0.000000
0.035498,0.035498
0.000000,0.000000
0.021201,0.021201
0.000000,0.000000
0.000000,0.000000
0.000000,0.000000
0.015474,0.015474
0.000000,0.000000
0.000000,0.000000
0.000000,0.000000
0.000000,0.000000
0.029981,0.029981
0.000000,0.000000
0.000000,0.000000
0.000000,0.000000
0.000000,0.000000
0.001276,0.001276
0.000000,0.000000
0.000000,0.000000
0.000000,0.000000
0.000000,0.000000
0.035850,0.035850
0.000000,0.000000
0.000000,0.000000
0.000000,0.000000
0.061097,0.061097
0.000000,0.000000
0.000000,0.000000
0.025298,0.025298
0.000000,0.000000
0.000000,0.000000
0.033974,0.033974
0.000000,0.000000
0.000000,0.000000
0.048267,0.048267
0.000000,0.000000
0.003988,0.003988
0.000000,0.000000
0.000000,0.000000
0.062522,0.062522
0.000000,0.000000
0.059039,0.059039
0.000000,0.000000
0.000724,0.000724
0.056922,0.056922
0.000000,0.000000
0.000000,0.000000
0.000000,0.000000
0.000000,0.000000
0.029065,0.029065
0.000000,0.000000
0.000000,0.000000
0.063665,0.063665
0.060811,0.060811
0.000000,0.000000
0.000000,0.000000
0.000000,0.000000
0.000000,0.000000
0.000000,0.000000
0.049700,0.049700
0.000000,0.000000
0.000000,0.000000
0.000000,0.000000
0.009104,0.009104
0.000000,0.000000
0.000408,0.000408
0.000000,0.000000
0.000394,0.000394
0.000000,0.000000
0.026498,0.026498
0.010557,0.010557
0.000000,0.000000
0.000000,0.000000
0.037961,0.037961
0.000000,0.000000
0.000000,0.000000
0.000000,0.000000
0.039939,0.039939
0.000000,0.000000
0.013688,0.013688
0.000000,0.000000
0.000000,0.000000
0.028470,0.028470
0.000000,0.000000
0.054281,0.054281
0.000000,0.000000
0.000000,0.000000
0.052091,0.052091
0.040792,0.040792
0.000000,0.000000
0.000000,0.000000
0.000000,0.000000
0.040667,0.040667
0.029243,0.029243
0.059908,0.059908
0.000000,0.000000
0.003962,0.003962
0.000000,0.000000
0.000000,0.000000
0.002742,0.002742
0.000000,0.000000
0.000000,0.000000
0.000000,0.000000
0.000000,0.000000
0.000000,0.000000
0.000000,0.000000
0.000000,0.000000
0.035405,0.035405
0.032803,0.032803
0.000000,0.000000
0.000000,0.000000
0.000000,0.000000
0.000000,0.000000
0.000000,0.000000
0.000000,0.000000
0.035678,0.035678
0.000000,0.000000
0.000000,0.000000
0.000000,0.000000
0.000000,0.000000
0.031053,0.031053
0.034536,0.034536
0.047118,0.047118
0.000000,0.000000
0.000000,0.000000
0.037333,0.037333
0.031303,0.031303
0.000000,0.000000
0.000000,0.000000
0.000000,0.000000
0.000000,0.000000
0.000424,0.000424
0.000000,0.000000
0.021078,0.021078
0.000000,0.000000
0.000000,0.000000
0.000000,0.000000
0.000000,0.000000
0.000000,0.000000
0.000000,0.000000
0.000000,0.000000
0.000000,0.000000
0.000000,0.000000
0.052931,0.052931
0.000000,0.000000
0.000463,0.000463
0.000000,0.000000
0.000000,0.000000
0.000000,0.000000
0.021905,0.021905
0.000000,0.000000
0.000000,0.000000
0.041785,0.041785
0.037123,0.037123
0.000000,0.000000
0.000000,0.000000
0.004359,0.004359
0.000000,0.000000
0.000000,0.000000
0.051598,0.051598
0.000000,0.000000
0.000000,0.000000
0.000000,0.000000
0.000000,0.000000
0.000000,0.000000
0.000000,0.000000
0.010233,0.010233
0.026235,0.026235
0.059497,0.059497
0.000000,0.000000
0.000000,0.000000
0.000000,0.000000
0.012501,0.012501
0.000000,0.000000
0.000000,0.000000
0.002941,0.002941
0.010664,0.010664
0.000000,0.000000
0.000000,0.000000
0.007987,0.007987
0.075321,0.075321
0.000721,0.000721
0.041302,0.041302
0.000000,0.000000
0.000000,0.000000
0.000000,0.000000
0.000000,0.000000
0.022018,0.022018
0.046031,0.046031
0.000000,0.000000
0.053663,0.053663
0.000000,0.000000
0.000000,0.000000
0.000000,0.000000
0.000000,0.000000
0.044417,0.044417
0.052015,0.052015
0.000000,0.000000
0.000000,0.000000
0.039683,0.039683
0.039128,0.039128
0.067996,0.067996
0.006145,0.006145
0.000000,0.000000
0.000000,0.000000
0.003026,0.003026
0.000000,0.000000
0.000000,0.000000
0.042616,0.042616
0.000000,0.000000
0.000000,0.000000
0.023239,0.023239
0.000000,0.000000
0.068228,0.068228
0.000000,0.000000
0.000000,0.000000
0.004917,0.004917
0.041919,0.041919
0.000000,0.000000
0.000000,0.000000
0.040228,0.040228
0.037366,0.037366
0.050518,0.050518
0.000000,0.000000
0.030722,0.030722
0.000000,0.000000
0.000000,0.000000
0.000000,0.000000
0.000000,0.000000
0.000000,0.000000
0.010183,0.010183
0.023630,0.023630
0.000000,0.000000
0.046610,0.046610
0.045334,0.045334
0.027486,0.027486
0.000000,0.000000
0.000000,0.000000
0.010383,0.010383
0.000000,0.000000
0.032633,0.032633
0.032815,0.032815
0.000000,0.000000
0.047793,0.047793
0.000000,0.000000
0.001918,0.001918
0.000000,0.000000
0.000000,0.000000
0.026937,0.026937
0.000000,0.000000
0.000000,0.000000
0.000000,0.000000
0.000000,0.000000
0.051350,0.051350
0.000000,0.000000
0.021594,0.021594
0.065663,0.065663
0.055509,0.055509
0.000000,0.000000
0.000000,0.000000
0.000000,0.000000
0.000000,0.000000
0.000000,0.000000
0.057178,0.057178
0.062841,0.062841
0.000000,0.000000
0.000000,0.000000
0.058844,0.058844
0.028487,0.028487
0.000000,0.000000
0.002653,0.002653
0.000216,0.000216
0.000000,0.000000
0.000000,0.000000
0.000000,0.000000
0.000000,0.000000
0.000000,0.000000
0.000000,0.000000
0.000000,0.000000
0.000227,0.000227
0.000000,0.000000
0.000000,0.000000
0.072599,0.072599
0.007425,0.007425
0.041377,0.041377
0.000000,0.000000
0.013239,0.013239
0.000000,0.000000
0.000000,0.000000
0.057134,0.057134
0.000000,0.000000
0.060942,0.060942
0.000000,0.000000
0.038927,0.038927
0.000000,0.000000
0.000000,0.000000
0.000000,0.000000
0.000000,0.000000
0.000000,0.000000
0.000000,0.000000
0.000000,0.000000
0.000000,0.000000
0.000000,0.000000
0.031194,0.031194
0.000000,0.000000
0.000000,0.000000
0.000000,0.000000
0.056921,0.056921
0.000000,0.000000
0.050177,0.050177
0.000000,0.000000
0.000000,0.000000
0.035463,0.035463
0.000000,0.000000
0.000000,0.000000
0.013730,0.013730
0.000000,0.000000
0.000000,0.000000
0.000000,0.000000
0.000000,0.000000
0.000000,0.000000
0.003587,0.003587
0.000808,0.000808
0.000000,0.000000
0.000000,0.000000
0.000000,0.000000
0.028870,0.028870
0.000000,0.000000
0.077465,0.077465
0.000000,0.000000
0.021768,0.021768
0.000000,0.000000
0.045954,0.045954
0.000000,0.000000
0.069503,0.069503
0.052364,0.052364
0.017803,0.017803
0.045191,0.045191
0.039304,0.039304
0.000000,0.000000
0.030434,0.030434
0.022554,0.022554
0.049151,0.049151
0.025894,0.025894
0.050270,0.050270
0.000000,0.000000
0.031774,0.031774
0.029769,0.029769
0.015518,0.015518
0.028363,0.028363
0.064896,0.064896
0.031694,0.031694
0.030077,0.030077
0.021948,0.021948
0.003657,0.003657
0.000000,0.000000
0.000000,0.000000
0.015241,0.015241
0.010597,0.010597
0.000000,0.000000
0.040325,0.040325
0.000000,0.000000
0.044050,0.044050
0.037235,0.037235
0.034554,0.034554
0.040888,0.040888
0.050102,0.050102
0.035544,0.035544
0.000000,0.000000
0.000000,0.000000
0.000000,0.000000
0.000000,0.000000
0.006488,0.006488
0.000000,0.000000
0.010257,0.010257
0.047053,0.047053
0.023063,0.023063
0.059852,0.059852
0.000000,0.000000
0.000000,0.000000
0.031752,0.031752
0.036089,0.036089
0.000000,0.000000
0.025959,0.025959
0.031965,0.031965
0.038365,0.038365
0.035978,0.035978
0.033396,0.033396
0.011565,0.011565
0.037137,0.037137
0.058333,0.058333
0.000000,0.000000
0.023160,0.023160
0.015013,0.015013
0.029983,0.029983
0.000000,0.000000
0.000000,0.000000
0.000000,0.000000
0.011845,0.011845
0.000000,0.000000
0.049464,0.049464
0.003911,0.003911
0.000000,0.000000
0.024906,0.024906
0.000201,0.000201
0.002818,0.002818
0.000000,0.000000
0.061146,0.061146
0.007241,0.007241
0.025003,0.025003
0.019402,0.019402
0.045990,0.045990
0.038376,0.038376
0.000000,0.000000
0.051815,0.051815
0.042359,0.042359
0.000000,0.000000
0.053997,0.053997
0.015535,0.015535
0.002920,0.002920
0.000000,0.000000
0.000000,0.000000
0.000000,0.000000
0.000000,0.000000
0.000000,0.000000
0.000000,0.000000
0.051286,0.051286
0.024524,0.024524
0.030391,0.030391
0.000000,0.000000
0.011501,0.011501
0.000000,0.000000
0.028188,0.028188
0.032277,0.032277
0.042540,0.042540
0.000000,0.000000
0.000000,0.000000
0.046195,0.046195
0.000000,0.000000
0.047095,0.047095
0.057646,0.057646
0.000000,0.000000
0.003500,0.003500
0.021243,0.021243
0.041019,0.041019
0.052522,0.052522
0.058850,0.058850
0.030629,0.030629
0.040204,0.040204
0.060528,0.060528
0.000000,0.000000
0.000000,0.000000
0.000000,0.000000
0.000000,0.000000
0.033295,0.033295
0.031767,0.031767
0.022660,0.022660
0.000000,0.000000
0.050705,0.050705
0.049548,0.049548
0.000000,0.000000
0.069550,0.069550
0.043965,0.043965
0.024355,0.024355
0.024387,0.024387
0.008774,0.008774
0.000000,0.000000
0.000000,0.000000
0.000000,0.000000
0.034327,0.034327
0.044940,0.044940
0.000000,0.000000
0.043070,0.043070
0.000000,0.000000
0.014751,0.014751
0.038152,0.038152
0.059339,0.059339
0.000000,0.000000
0.023320,0.023320
0.015196,0.015196
0.021907,0.021907
0.000000,0.000000
0.028176,0.028176
0.000000,0.000000
0.000000,0.000000
0.000000,0.000000
0.000000,0.000000
0.038047,0.038047
0.042065,0.042065
0.000000,0.000000
0.009494,0.009494
0.000000,0.000000
0.037321,0.037321
0.013335,0.013335
0.030768,0.030768
0.000000,0.000000
0.035959,0.035959
0.000000,0.000000
0.033881,0.033881
0.039961,0.039961
0.042591,0.042591
0.037420,0.037420
0.000000,0.000000
0.058650,0.058650
0.044640,0.044640
0.027703,0.027703
0.045753,0.045753
0.000000,0.000000
0.030132,0.030132
0.000000,0.000000
0.052051,0.052051
0.000000,0.000000
0.043968,0.043968
0.021021,0.021021
0.000000,0.000000
0.039650,0.039650
0.008642,0.008642
0.000000,0.000000
0.054863,0.054863
0.000000,0.000000
0.007884,0.007884
0.000000,0.000000
0.000000,0.000000
0.057677,0.057677
0.030643,0.030643
0.032384,0.032384
0.000000,0.000000
0.037057,0.037057
0.039051,0.039051
0.027558,0.027558
0.000000,0.000000
0.000000,0.000000
0.006410,0.006410
0.000000,0.000000
0.008496,0.008496
0.047888,0.047888
0.022166,0.022166
0.002418,0.002418
0.010738,0.010738
0.003562,0.003562
0.046922,0.046922
0.041723,0.041723
0.034716,0.034716
0.047451,0.047451
0.033656,0.033656
0.047485,0.047485
0.012161,0.012161
0.003724,0.003724
0.057248,0.057248
0.000000,0.000000
0.014896,0.014896
0.026162,0.026162
0.040710,0.040710
0.044814,0.044814
0.055818,0.055818
0.047176,0.047176
0.000000,0.000000
0.000000,0.000000
0.000000,0.000000
0.022516,0.022516
0.021407,0.021407
0.035884,0.035884
0.022120,0.022120
0.050244,0.050244
0.055316,0.055316
0.000000,0.000000
0.066223,0.066223
0.037785,0.037785
0.024279,0.024279
0.048406,0.048406
0.020979,0.020979
0.016812,0.016812
0.000000,0.000000
0.000000,0.000000
0.007388,0.007388
0.000000,0.000000
0.000000,0.000000
0.065799,0.065799
0.014992,0.014992
0.000000,0.000000
0.028384,0.028384
0.018365,0.018365
0.030944,0.030944
0.018417,0.018417
0.000000,0.000000
0.000000,0.000000
0.000000,0.000000
0.000000,0.000000
0.037915,0.037915
0.046674,0.046674
0.000000,0.000000
0.047258,0.047258
0.000000,0.000000
0.000000,0.000000
0.040139,0.040139
0.000000,0.000000
0.060705,0.060705
0.053723,0.053723
0.034930,0.034930
0.036008,0.036008
0.028580,0.028580
0.034747,0.034747
0.000000,0.000000
0.049133,0.049133
0.000000,0.000000
0.000000,0.000000
0.000000,0.000000
0.061482,0.061482
0.000000,0.000000
0.000000,0.000000
0.000000,0.000000
0.053387,0.053387
0.033994,0.033994
0.034787,0.034787
0.039891,0.039891
0.022381,0.022381
0.030091,0.030091
0.007319,0.007319
0.000000,0.000000
0.059926,0.059926
0.051671,0.051671
0.000000,0.000000
0.006336,0.006336
0.063465,0.063465
0.042415,0.042415
0.042070,0.042070
0.000000,0.000000
0.035093,0.035093
0.000000,0.000000
0.056847,0.056847
0.000000,0.000000
0.048940,0.048940
0.000000,0.000000
0.043638,0.043638
0.006771,0.006771
0.000000,0.000000
0.000000,0.000000
0.060745,0.060745
0.045821,0.045821
0.050183,0.050183
0.000000,0.000000
0.036216,0.036216
0.053295,0.053295
0.000000,0.000000
0.021623,0.021623
0.000000,0.000000
0.062092,0.062092
0.043250,0.043250
0.000000,0.000000
0.035529,0.035529
0.000000,0.000000
0.027460,0.027460
0.029919,0.029919
0.000000,0.000000
0.000000,0.000000
0.000000,0.000000
0.050423,0.050423
0.028701,0.028701
0.000000,0.000000
0.053035,0.053035
0.015947,0.015947
0.000000,0.000000
0.000000,0.000000
0.047105,0.047105
0.000000,0.000000
0.036056,0.036056
0.024676,0.024676
0.004491,0.004491
0.000000,0.000000
0.047780,0.047780
0.000000,0.000000
0.018775,0.018775
0.034459,0.034459
0.026101,0.026101
0.017120,0.017120
0.022311,0.022311
0.021654,0.021654
0.000000,0.000000
0.020194,0.020194
0.000000,0.000000
0.059057,0.059057
0.008464,0.008464
0.000000,0.000000
0.059877,0.059877
0.030657,0.030657
0.019738,0.019738
0.030041,0.030041
0.015595,0.015595
0.000000,0.000000
0.018485,0.018485
0.004043,0.004043
0.032868,0.032868
0.000000,0.000000
0.000452,0.000452
0.007041,0.007041
0.000000,0.000000
0.035720,0.035720
0.017358,0.017358
0.003194,0.003194
0.000000,0.000000
0.020984,0.020984
0.000000,0.000000
0.000000,0.000000
0.038959,0.038959
0.019552,0.019552
0.000000,0.000000
0.000000,0.000000
0.000000,0.000000
0.000000,0.000000
0.058801,0.058801
0.045551,0.045551
0.026318,0.026318
0.029675,0.029675
0.011250,0.011250
0.026166,0.026166
0.000000,0.000000
0.000000,0.000000
0.000000,0.000000
0.037803,0.037803
0.000000,0.000000
0.000000,0.000000
0.043207,0.043207
0.009612,0.009612
0.021428,0.021428
0.000000,0.000000
0.001288,0.001288
0.042332,0.042332
0.000000,0.000000
0.018555,0.018555
0.006789,0.006789
0.063815,0.063815
0.020292,0.020292
0.021870,0.021870
0.001901,0.001901
0.035752,0.035752
0.031299,0.031299
0.054025,0.054025
0.048884,0.048884
0.007388,0.007388
0.069484,0.069484
0.000000,0.000000
0.049081,0.049081
0.020629,0.020629
0.047673,0.047673
0.006502,0.006502
0.003080,0.003080
0.000000,0.000000
0.090955,0.090955
0.000000,0.000000
0.000000,0.000000
0.031990,0.031990
0.000000,0.000000
0.026464,0.026464
0.027171,0.027171
0.046987,0.046987
0.008495,0.008495
0.001948,0.001948
0.005976,0.005976
0.001883,0.001883
0.006837,0.006837
0.000000,0.000000
0.000000,0.000000
0.000000,0.000000
0.000000,0.000000
0.000000,0.000000
0.034798,0.034798
0.000000,0.000000
0.016536,0.016536
0.000000,0.000000
0.046682,0.046682
0.024504,0.024504
0.049116,0.049116
0.055587,0.055587
0.013235,0.013235
0.000000,0.000000
0.034212,0.034212
0.026059,0.026059
0.000000,0.000000
0.001041,0.001041
0.000000,0.000000
0.013108,0.013108
0.104926,0.104926
0.022017,0.022017
0.033825,0.033825
0.000000,0.000000
0.050753,0.050753
0.000000,0.000000
0.009462,0.009462
0.005782,0.005782
0.035305,0.035305
0.012367,0.012367
0.000000,0.000000
0.006616,0.006616
0.000000,0.000000
0.000000,0.000000
0.026697,0.026697
0.000000,0.000000
0.000000,0.000000
0.000000,0.000000
0.009348,0.009348
0.006839,0.006839
0.000000,0.000000
0.000000,0.000000
0.088714,0.088714
0.017946,0.017946
0.003392,0.003392
0.015651,0.015651
0.006467,0.006467
0.007549,0.007549
0.029998,0.029998
0.023357,0.023357
0.033657,0.033657
0.013111,0.013111
0.017773,0.017773
0.004024,0.004024
0.009713,0.009713
0.000000,0.000000
0.000000,0.000000
0.000000,0.000000
0.047729,0.047729
0.012027,0.012027
0.005046,0.005046
0.026815,0.026815
0.000000,0.000000
0.000000,0.000000
0.048551,0.048551
0.045923,0.045923
0.009519,0.009519
0.017476,0.017476
0.009167,0.009167
0.000000,0.000000
0.000000,0.000000
0.001899,0.001899
0.000000,0.000000
0.008193,0.008193
0.025713,0.025713
0.052624,0.052624
0.017234,0.017234
0.029322,0.029322
0.001349,0.001349
0.030456,0.030456
0.000000,0.000000
0.001643,0.001643
0.000000,0.000000
0.000000,0.000000
0.000000,0.000000
0.000000,0.000000
0.000000,0.000000
0.000000,0.000000
0.039595,0.039595
0.009909,0.009909
0.016343,0.016343
0.020413,0.020413
0.021968,0.021968
0.023985,0.023985
0.004713,0.004713
0.012005,0.012005
0.098021,0.098021
0.024069,0.024069
0.008724,0.008724
0.000000,0.000000
0.000000,0.000000
0.000000,0.000000
0.025464,0.025464
0.000000,0.000000
0.032873,0.032873
0.036131,0.036131
0.000000,0.000000
0.008955,0.008955
0.000000,0.000000
0.023974,0.023974
0.002519,0.002519
0.000000,0.000000
0.003982,0.003982
0.010828,0.010828
0.029040,0.029040
0.008859,0.008859
0.026394,0.026394
0.068180,0.068180
0.000000,0.000000
0.000000,0.000000
0.017385,0.017385
0.005729,0.005729
0.013866,0.013866
0.018705,0.018705
0.037606,0.037606
0.000000,0.000000
0.007783,0.007783
0.011347,0.011347
0.035007,0.035007
0.000000,0.000000
0.033938,0.033938
0.000000,0.000000
0.010588,0.010588
0.005305,0.005305
0.013140,0.013140
0.015274,0.015274
0.001836,0.001836
0.000000,0.000000
0.000000,0.000000
0.051886,0.051886
0.043715,0.043715
0.019660,0.019660
0.000000,0.000000
0.001368,0.001368
0.031051,0.031051
0.000000,0.000000
0.052952,0.052952
0.008409,0.008409
0.000000,0.000000
0.000000,0.000000
0.007117,0.007117
0.000000,0.000000
0.000000,0.000000
0.000000,0.000000
0.004359,0.004359
0.020943,0.020943
0.049315,0.049315
0.000000,0.000000
0.007627,0.007627
0.000000,0.000000
0.000000,0.000000
0.000000,0.000000
0.047420,0.047420
0.014954,0.014954
0.000000,0.000000
0.000000,0.000000
0.002847,0.002847
0.040387,0.040387
0.017377,0.017377
0.007639,0.007639
0.008011,0.008011
0.017213,0.017213
0.000000,0.000000
0.020644,0.020644
0.000000,0.000000
0.025779,0.025779
0.000000,0.000000
0.000124,0.000124
0.039842,0.039842
0.000000,0.000000
0.027971,0.027971
0.024426,0.024426
0.031753,0.031753
0.011035,0.011035
0.000000,0.000000
0.007984,0.007984
0.030646,0.030646
0.000000,0.000000
0.000000,0.000000
0.000000,0.000000
0.018433,0.018433
0.001396,0.001396
0.001309,0.001309
0.000000,0.000000
0.022481,0.022481
0.000000,0.000000
0.015417,0.015417
0.017636,0.017636
0.030249,0.030249
0.000000,0.000000
0.045962,0.045962
0.031269,0.031269
0.041597,0.041597
0.000000,0.000000
0.039822,0.039822
0.007956,0.007956
0.045077,0.045077
0.031891,0.031891
0.007802,0.007802
0.002827,0.002827
0.023867,0.023867
0.004864,0.004864
0.000000,0.000000
0.000000,0.000000
0.000000,0.000000
0.000000,0.000000
0.023595,0.023595
0.011287,0.011287
0.036024,0.036024
0.000000,0.000000
0.018913,0.018913
0.003505,0.003505
0.052075,0.052075
0.004022,0.004022
0.000000,0.000000
0.017334,0.017334
0.051674,0.051674
0.020683,0.020683
0.032473,0.032473
0.092833,0.092833
0.000000,0.000000
0.000718,0.000718
0.042547,0.042547
0.017227,0.017227
0.042051,0.042051
0.018777,0.018777
0.017448,0.017448
0.062104,0.062104
0.076406,0.076406
0.009164,0.009164
0.000000,0.000000
0.028171,0.028171
0.036152,0.036152
0.006830,0.006830
0.011157,0.011157
0.000000,0.000000
0.000000,0.000000
0.110918,0.110918
0.042517,0.042517
0.095653,0.095653
0.000000,0.000000
0.000000,0.000000
0.000000,0.000000
0.034025,0.034025
0.019114,0.019114
0.034010,0.034010
0.006807,0.006807
0.000000,0.000000
0.000000,0.000000
0.000000,0.000000
0.000000,0.000000
0.008746,0.008746
0.000000,0.000000
0.045030,0.045030
0.000000,0.000000
0.055205,0.055205
0.000000,0.000000
0.000000,0.000000
0.011497,0.011497
0.000000,0.000000
0.000000,0.000000
0.042731,0.042731
0.000000,0.000000
0.021886,0.021886
0.000000,0.000000
0.000000,0.000000
0.000000,0.000000
0.003539,0.003539
0.000000,0.000000
0.009276,0.009276
0.002008,0.002008
0.000000,0.000000
0.000000,0.000000
0.000000,0.000000
0.000000,0.000000
0.000000,0.000000
0.000000,0.000000
0.000000,0.000000
0.011141,0.011141
0.000000,0.000000
0.003984,0.003984
0.000000,0.000000
0.000000,0.000000
0.054441,0.054441
0.000000,0.000000
0.000000,0.000000
0.049944,0.049944
0.000000,0.000000
0.000000,0.000000
0.056032,0.056032
0.000000,0.000000
0.000000,0.000000
0.000000,0.000000
0.000000,0.000000
0.039746,0.039746
0.000000,0.000000
0.038696,0.038696
0.000000,0.000000
0.064049,0.064049
0.000000,0.000000
0.075076,0.075076
0.037547,0.037547
0.000000,0.000000
0.000000,0.000000
0.000000,0.000000
0.000000,0.000000
0.005785,0.005785
0.000000,0.000000
0.000000,0.000000
0.005631,0.005631
0.001576,0.001576
0.000000,0.000000
0.000000,0.000000
0.041291,0.041291
0.000000,0.000000
0.000000,0.000000
0.013330,0.013330
0.000000,0.000000
0.000000,0.000000
0.000000,0.000000
0.000000,0.000000
0.000000,0.000000
0.000000,0.000000
0.002717,0.002717
0.000000,0.000000
0.000000,0.000000
0.001086,0.001086
0.000000,0.000000
0.000000,0.000000
0.000000,0.000000
0.000000,0.000000
0.000000,0.000000
0.000000,0.000000
0.008650,0.008650
0.002257,0.002257
0.000000,0.000000
0.000000,0.000000
0.070098,0.070098
0.000000,0.000000
0.000000,0.000000
0.000000,0.000000
0.000000,0.000000
0.000000,0.000000
0.000000,0.000000
0.000000,0.000000
0.000000,0.000000
0.066838,0.066838
0.048346,0.048346
0.058905,0.058905
0.000000,0.000000
0.041705,0.041705
0.000000,0.000000
0.000000,0.000000
0.020793,0.020793
0.000000,0.000000
0.000000,0.000000
0.000000,0.000000
0.000000,0.000000
0.000000,0.000000
0.000000,0.000000
0.000000,0.000000
0.001215,0.001215
0.000000,0.000000
0.000000,0.000000
0.019250,0.019250
0.034519,0.034519
0.057157,0.057157
0.000000,0.000000
0.007709,0.007709
0.000000,0.000000
0.000000,0.000000
0.000000,0.000000
0.000000,0.000000
0.000000,0.000000
0.050274,0.050274
0.000000,0.000000
0.000000,0.000000
0.000000,0.000000
0.000000,0.000000
0.000000,0.000000
0.000000,0.000000
0.000000,0.000000
0.000000,0.000000
0.000000,0.000000
0.000000,0.000000
0.000000,0.000000
0.054233,0.054233
0.000000,0.000000
0.000000,0.000000
0.000000,0.000000
0.000000,0.000000
0.000000,0.000000
0.000000,0.000000
0.004230,0.004230
0.000000,0.000000
0.000000,0.000000
0.000000,0.000000
0.000000,0.000000
0.000000,0.000000
0.000000,0.000000
0.000000,0.000000
0.000000,0.000000
0.043524,0.043524
0.000000,0.000000
0.011417,0.011417
0.000000,0.000000
0.000107,0.000107
0.000000,0.000000
0.003893,0.003893
0.026585,0.026585
0.000000,0.000000
0.000000,0.000000
0.000000,0.000000
0.000000,0.000000
0.000000,0.000000
0.000000,0.000000
0.045471,0.045471
0.056824,0.056824
0.054340,0.054340
0.000000,0.000000
0.000000,0.000000
0.000000,0.000000
0.000000,0.000000
0.000000,0.000000
0.000000,0.000000
0.002286,0.002286
0.000000,0.000000
0.000000,0.000000
0.000000,0.000000
0.000000,0.000000
0.000000,0.000000
0.027911,0.027911
0.000000,0.000000
0.000000,0.000000
0.000000,0.000000
0.000000,0.000000
0.000000,0.000000
0.000000,0.000000
0.000000,0.000000
0.000000,0.000000
0.004850,0.004850
0.000000,0.000000
0.000000,0.000000
0.037913,0.037913
0.000000,0.000000
0.000000,0.000000
0.059027,0.059027
0.000000,0.000000
0.089017,0.089017
0.043590,0.043590
0.000000,0.000000
0.000000,0.000000
0.000000,0.000000
0.000000,0.000000
0.000000,0.000000
0.000000,0.000000
0.047499,0.047499
0.000449,0.000449
0.000519,0.000519
0.000000,0.000000
0.000000,0.000000
0.000000,0.000000
0.000000,0.000000
0.000000,0.000000
0.000000,0.000000
0.000000,0.000000
0.007035,0.007035
0.000000,0.000000
0.072176,0.072176
0.006781,0.006781
0.000000,0.000000
0.000000,0.000000
0.000000,0.000000
0.003343,0.003343
0.003795,0.003795
0.000000,0.000000
0.000000,0.000000
0.000000,0.000000
0.000000,0.000000
0.005299,0.005299
0.000000,0.000000
0.032284,0.032284
0.000000,0.000000
0.000000,0.000000
0.067548,0.067548
0.000000,0.000000
0.000000,0.000000
0.010488,0.010488
0.000000,0.000000
0.000000,0.000000
0.000000,0.000000
0.000000,0.000000
0.066688,0.066688
0.000000,0.000000
0.025817,0.025817
0.000000,0.000000
0.000000,0.000000
0.000000,0.000000
0.060181,0.060181
0.000000,0.000000
0.000000,0.000000
0.000000,0.000000
0.000000,0.000000
0.000000,0.000000
0.000000,0.000000
0.000000,0.000000
0.021508,0.021508
0.009595,0.009595
0.001883,0.001883
0.000000,0.000000
0.001934,0.001934
0.000000,0.000000
0.000000,0.000000
0.063095,0.063095
0.033993,0.033993
0.000000,0.000000
0.000000,0.000000
0.000000,0.000000
0.075799,0.075799
0.048017,0.048017
0.000000,0.000000
0.000764,0.000764
0.000000,0.000000
0.000000,0.000000
0.000000,0.000000
0.000000,0.000000
0.000000,0.000000
0.000000,0.000000
0.044113,0.044113
0.000000,0.000000
0.006781,0.006781
0.000000,0.000000
0.027674,0.027674
0.000000,0.000000
0.000000,0.000000
0.000000,0.000000
0.020029,0.020029
0.000000,0.000000
0.036949,0.036949
0.000000,0.000000
0.024974,0.024974
0.000000,0.000000
0.000000,0.000000
0.000000,0.000000
0.000000,0.000000
0.000000,0.000000
0.060451,0.060451
0.000000,0.000000
0.000000,0.000000
0.000000,0.000000
0.009460,0.009460
0.000000,0.000000
0.000000,0.000000
0.000000,0.000000
0.000000,0.000000
0.000000,0.000000
0.033164,0.033164
0.017498,0.017498
0.000000,0.000000
0.000000,0.000000
0.000000,0.000000
0.009555,0.009555
0.000000,0.000000
0.000000,0.000000
0.000000,0.000000
0.000000,0.000000
0.009640,0.009640
0.000000,0.000000
0.000000,0.000000
0.000000,0.000000
0.000000,0.000000
0.000000,0.000000
0.000000,0.000000
0.000000,0.000000
0.000000,0.000000
0.000000,0.000000
0.000000,0.000000
0.000000,0.000000
0.000000,0.000000
0.004058,0.004058
0.000000,0.000000
0.006803,0.006803
0.000000,0.000000
0.000000,0.000000
0.007121,0.007121
0.000000,0.000000
0.011624,0.011624
0.000000,0.000000
0.000000,0.000000
0.000000,0.000000
